window,horizon,feature,mean_ic,t_stat,n_weeks,abs_ic
W1,1,ret_1h,-0.059804175024302644,-5.480601168089026,25,0.059804175024302644
W1,1,ret_4h,-0.06481693736092363,-6.250421248304763,25,0.06481693736092363
W1,1,ret_12h,-0.06232690727594869,-6.54701382183438,25,0.06232690727594869
W1,1,ret_24h,-0.05141261763445224,-5.629281085034053,25,0.05141261763445224
W1,1,ret_48h,-0.0396839468776023,-4.278188869111635,25,0.0396839468776023
W1,1,ret_168h,-0.051305539501080306,-6.580069481845207,25,0.051305539501080306
W1,1,rvol_12h,0.016847957079627586,2.5078720754011985,25,0.016847957079627586
W1,1,rvol_24h,0.013921014020496175,1.964865709998797,25,0.013921014020496175
W1,1,rvol_168h,0.002454903239884611,0.6353384294454706,25,0.002454903239884611
W1,1,vol_ratio_12h,0.02294005809973024,3.550833184832665,25,0.02294005809973024
W1,1,vol_ratio_24h,0.015986702481966562,2.433654357155598,25,0.015986702481966562
W1,1,mom_z_12h,-0.06122503534915226,-6.790099054541331,25,0.06122503534915226
W1,1,mom_z_24h,-0.04672123715888327,-5.472553751098242,25,0.04672123715888327
W1,1,range_24h,0.0008169104527128053,0.21790399075320538,25,0.0008169104527128053
W1,1,dist_from_high_24h,0.05540875815251509,5.683249745344212,25,0.05540875815251509
W1,1,btc_ret_1h,-0.07197718797780733,-5.375095472917963,25,0.07197718797780733
W1,1,btc_ret_4h,-0.06424479792943921,-4.428349674341072,25,0.06424479792943921
W1,1,btc_ret_12h,-0.061048416662139726,-5.340491458108721,25,0.061048416662139726
W1,1,btc_ret_24h,-0.06258119361947952,-4.899328142239875,25,0.06258119361947952
W1,1,btc_beta_168h,0.013769456989062687,3.0739695398050193,25,0.013769456989062687
W1,1,residual_12h,-0.029149324794673914,-3.258296613480923,25,0.029149324794673914
W1,1,residual_24h,-0.019317153763215997,-2.3739089439311227,25,0.019317153763215997
W1,1,funding_rate_binance,-0.02049275819217279,-3.3941791738243503,25,0.02049275819217279
W1,1,cum_funding_24h,-0.023132613798055965,-4.673837672699875,25,0.023132613798055965
W1,1,cum_funding_72h,-0.02130828152825193,-4.285022604432105,25,0.02130828152825193
W1,1,cum_funding_168h,-0.01740385058157473,-4.378873977284328,25,0.01740385058157473
W1,1,funding_zscore,-0.00866655994899074,-1.5268406552653881,25,0.00866655994899074
W1,1,funding_x_mom_12h,-0.04203377628165449,-5.360909469154791,25,0.04203377628165449
W1,1,funding_x_mom_24h,-0.026780725212315896,-3.102060156220849,25,0.026780725212315896
W1,1,oi_value_usd,-0.011840922190614887,-3.033928209172978,25,0.011840922190614887
W1,1,taker_buy_sell_ratio,-0.026763158020939093,-3.4957005894736346,25,0.026763158020939093
W1,1,top_ls_ratio,-0.007842717400065952,-3.0715798460816988,25,0.007842717400065952
W1,1,global_ls_ratio,0.009766187050856225,3.2856919727979026,25,0.009766187050856225
W1,1,oi_chg_1h,-0.050115154838422986,-6.612999924137743,25,0.050115154838422986
W1,1,oi_chg_4h,-0.053692608310493,-5.413571664035714,25,0.053692608310493
W1,1,oi_chg_12h,-0.049162321394002936,-6.644743344369733,25,0.049162321394002936
W1,1,oi_chg_24h,-0.04097546979636864,-5.646000219072075,25,0.04097546979636864
W1,1,oi_zscore,-0.05104702006990146,-6.78210042210248,25,0.05104702006990146
W1,1,oi_ret_diverge,-0.01040420216789507,-2.157595891676951,25,0.01040420216789507
W1,1,taker_imbalance,-0.026763158020939093,-3.4957005894736346,25,0.026763158020939093
W1,1,taker_cvd_4h,-0.024306388922298597,-3.780545264714734,25,0.024306388922298597
W1,1,taker_cvd_12h,-0.02622713386680439,-5.102766020702484,25,0.02622713386680439
W1,1,taker_cvd_24h,-0.02212819441210562,-4.6674956015677775,25,0.02212819441210562
W1,1,taker_zscore,-0.025326395986493132,-3.292725779834361,25,0.025326395986493132
W1,1,top_ls_ratio_zscore,-0.01225879079661222,-2.4394805929573806,25,0.01225879079661222
W1,1,global_ls_ratio_zscore,0.00922807706972635,1.2853661006701318,25,0.00922807706972635
W1,1,ls_divergence,-0.01519284101773164,-5.956014549066474,25,0.01519284101773164
W1,1,premium_index,-0.013394893475015268,-1.8589899164218602,25,0.013394893475015268
W1,1,premium_zscore,-0.008767305900177809,-1.320422581548489,25,0.008767305900177809
W1,4,ret_1h,-0.054095127934881845,-4.203358469236663,25,0.054095127934881845
W1,4,ret_4h,-0.07366269324278589,-3.8670672649993656,25,0.07366269324278589
W1,4,ret_12h,-0.08045081179351236,-3.185470874065768,25,0.08045081179351236
W1,4,ret_24h,-0.08424171278121854,-3.5797582804330843,25,0.08424171278121854
W1,4,ret_48h,-0.0625645457213153,-4.327156536017997,25,0.0625645457213153
W1,4,ret_168h,-0.0858467139730883,-5.757079006401228,25,0.0858467139730883
W1,4,rvol_12h,0.03735576600756969,2.6023593571569394,25,0.03735576600756969
W1,4,rvol_24h,0.024044307632432194,1.6575623245083857,25,0.024044307632432194
W1,4,rvol_168h,0.002139876283437959,0.2687295029867405,25,0.002139876283437959
W1,4,vol_ratio_12h,0.04099284996528896,2.7820189443319285,25,0.04099284996528896
W1,4,vol_ratio_24h,0.025020452281192828,1.6851123235545156,25,0.025020452281192828
W1,4,mom_z_12h,-0.07797308965110256,-2.9660209858812863,25,0.07797308965110256
W1,4,mom_z_24h,-0.077509019826826,-3.4716546153572256,25,0.077509019826826
W1,4,range_24h,0.005257445032877787,0.6342266293452895,25,0.005257445032877787
W1,4,dist_from_high_24h,0.06963280140938027,2.804095738457162,25,0.06963280140938027
W1,4,btc_ret_1h,-0.05981712055916006,-4.273017825032068,25,0.05981712055916006
W1,4,btc_ret_4h,-0.07225430131333091,-2.7644999031120725,25,0.07225430131333091
W1,4,btc_ret_12h,-0.0826583937339818,-2.3804325438157616,25,0.0826583937339818
W1,4,btc_ret_24h,-0.10062046677718943,-3.0595486267998697,25,0.10062046677718943
W1,4,btc_beta_168h,0.029034583289378038,3.860870238270305,25,0.029034583289378038
W1,4,residual_12h,-0.035594784336989725,-2.3440843753277614,25,0.035594784336989725
W1,4,residual_24h,-0.02215908655369956,-1.4119902913162754,25,0.02215908655369956
W1,4,funding_rate_binance,-0.048867676897609645,-4.401179755535785,25,0.048867676897609645
W1,4,cum_funding_24h,-0.0426664192300141,-3.7026882161756083,25,0.0426664192300141
W1,4,cum_funding_72h,-0.04004090038500209,-4.435078767530546,25,0.04004090038500209
W1,4,cum_funding_168h,-0.02924503525453586,-3.7002074618649767,25,0.02924503525453586
W1,4,funding_zscore,-0.028826562573994106,-2.787638500513831,25,0.028826562573994106
W1,4,funding_x_mom_12h,-0.04663584514665391,-2.2298908920829654,25,0.04663584514665391
W1,4,funding_x_mom_24h,-0.0402955470724411,-2.0578970878482847,25,0.0402955470724411
W1,4,oi_value_usd,-0.015175987560223418,-2.122931191468552,25,0.015175987560223418
W1,4,taker_buy_sell_ratio,-0.02208025462299824,-3.182967884558071,25,0.02208025462299824
W1,4,top_ls_ratio,-0.014722479533559776,-2.9250695907477664,25,0.014722479533559776
W1,4,global_ls_ratio,0.013415700259721084,1.9713785874635357,25,0.013415700259721084
W1,4,oi_chg_1h,-0.049479409494296356,-4.122039233929462,25,0.049479409494296356
W1,4,oi_chg_4h,-0.06687593460707801,-4.351794931756479,25,0.06687593460707801
W1,4,oi_chg_12h,-0.07152774914833121,-3.2149398119467243,25,0.07152774914833121
W1,4,oi_chg_24h,-0.06791188033537292,-3.793602768890899,25,0.06791188033537292
W1,4,oi_zscore,-0.08841974473776162,-6.168251011101411,25,0.08841974473776162
W1,4,oi_ret_diverge,-0.02094529265890382,-2.3722856506857113,25,0.02094529265890382
W1,4,taker_imbalance,-0.02208025462299824,-3.182967884558071,25,0.02208025462299824
W1,4,taker_cvd_4h,-0.02886506039030552,-2.6471324357158776,25,0.02886506039030552
W1,4,taker_cvd_12h,-0.035637628875645026,-3.0785953300491578,25,0.035637628875645026
W1,4,taker_cvd_24h,-0.03166785690747683,-2.7894790727233407,25,0.03166785690747683
W1,4,taker_zscore,-0.019885512805821792,-2.7217139159384027,25,0.019885512805821792
W1,4,top_ls_ratio_zscore,-0.023689704795165613,-2.502690101786198,25,0.023689704795165613
W1,4,global_ls_ratio_zscore,0.01197033184276985,0.8128116360045469,25,0.01197033184276985
W1,4,ls_divergence,-0.02484684174268268,-5.090035174525419,25,0.02484684174268268
W1,4,premium_index,-0.04026124981825143,-3.0439947975573167,25,0.04026124981825143
W1,4,premium_zscore,-0.03282086090468636,-2.801511451180048,25,0.03282086090468636
W1,12,ret_1h,-0.04554876022223093,-4.980244352225686,25,0.04554876022223093
W1,12,ret_4h,-0.07565312408510234,-2.7366156566289113,25,0.07565312408510234
W1,12,ret_12h,-0.042591942506274044,-1.5468976466044906,25,0.042591942506274044
W1,12,ret_24h,-0.07825523890629253,-3.0894491014072267,25,0.07825523890629253
W1,12,ret_48h,-0.08489405876448823,-2.9020857395474784,25,0.08489405876448823
W1,12,ret_168h,-0.14834654189609509,-4.786751161193476,25,0.14834654189609509
W1,12,rvol_12h,0.0590120931919194,2.274205865509048,25,0.0590120931919194
W1,12,rvol_24h,0.04703180533621655,1.7427636630118617,25,0.04703180533621655
W1,12,rvol_168h,-0.012693930812558131,-0.6225827592114238,25,0.012693930812558131
W1,12,vol_ratio_12h,0.051172061581980365,1.5965066496402534,25,0.051172061581980365
W1,12,vol_ratio_24h,0.040151511108389014,1.2522190861645233,25,0.040151511108389014
W1,12,mom_z_12h,-0.037291432815791684,-1.347867363809173,25,0.037291432815791684
W1,12,mom_z_24h,-0.07311474011878899,-2.9423970344146317,25,0.07311474011878899
W1,12,range_24h,0.010818956229291046,0.7549936609358271,25,0.010818956229291046
W1,12,dist_from_high_24h,0.05561280883866876,1.9044461454017558,25,0.05561280883866876
W1,12,btc_ret_1h,-0.047407638653907354,-4.64907939568706,25,0.047407638653907354
W1,12,btc_ret_4h,-0.07123808806434971,-2.1556552876081665,25,0.07123808806434971
W1,12,btc_ret_12h,-0.046641074669783025,-1.3601529852994168,25,0.046641074669783025
W1,12,btc_ret_24h,-0.11411092586192584,-3.335682890657831,25,0.11411092586192584
W1,12,btc_beta_168h,0.04182753227493681,2.5549478648883284,25,0.04182753227493681
W1,12,residual_12h,-0.009316417699677722,-0.4589449666954046,25,0.009316417699677722
W1,12,residual_24h,0.007141189095319926,0.3028957970429417,25,0.007141189095319926
W1,12,funding_rate_binance,-0.07311349077621584,-4.794040970999114,25,0.07311349077621584
W1,12,cum_funding_24h,-0.07823573961455427,-3.641165497488149,25,0.07823573961455427
W1,12,cum_funding_72h,-0.07223376755157382,-4.181512289001333,25,0.07223376755157382
W1,12,cum_funding_168h,-0.05502109043253565,-3.179265702125943,25,0.05502109043253565
W1,12,funding_zscore,-0.03301820245936039,-2.0862605635192684,25,0.03301820245936039
W1,12,funding_x_mom_12h,-0.014123380460300379,-0.5568362332753759,25,0.014123380460300379
W1,12,funding_x_mom_24h,-0.022671708890746704,-1.1059882677808524,25,0.022671708890746704
W1,12,oi_value_usd,-0.017391579623434697,-1.1669638321475126,25,0.017391579623434697
W1,12,taker_buy_sell_ratio,-0.02944743206658737,-4.187406774411345,25,0.02944743206658737
W1,12,top_ls_ratio,-0.030355987969389032,-3.077149526708007,25,0.030355987969389032
W1,12,global_ls_ratio,0.013774171472062328,1.068491053457854,25,0.013774171472062328
W1,12,oi_chg_1h,-0.04333954646853547,-5.427324170557184,25,0.04333954646853547
W1,12,oi_chg_4h,-0.07141308917885972,-2.7287634343117655,25,0.07141308917885972
W1,12,oi_chg_12h,-0.04056038797591807,-1.6514471730573121,25,0.04056038797591807
W1,12,oi_chg_24h,-0.07022457229037171,-2.9841122638942865,25,0.07022457229037171
W1,12,oi_zscore,-0.12479652630757103,-4.7843522203303825,25,0.12479652630757103
W1,12,oi_ret_diverge,-0.015138463395583897,-1.0301036160705315,25,0.015138463395583897
W1,12,taker_imbalance,-0.02944743206658737,-4.187406774411345,25,0.02944743206658737
W1,12,taker_cvd_4h,-0.048657804521777474,-3.525092999419565,25,0.048657804521777474
W1,12,taker_cvd_12h,-0.05434617787245148,-2.7629345837104378,25,0.05434617787245148
W1,12,taker_cvd_24h,-0.0449358526953656,-2.085982095562782,25,0.0449358526953656
W1,12,taker_zscore,-0.026103941502555614,-3.4293714114262115,25,0.026103941502555614
W1,12,top_ls_ratio_zscore,-0.05083297181582533,-2.6280308367272536,25,0.05083297181582533
W1,12,global_ls_ratio_zscore,0.005519694145741415,0.26256046317019993,25,0.005519694145741415
W1,12,ls_divergence,-0.03925036767108469,-4.188877315910637,25,0.03925036767108469
W1,12,premium_index,-0.06883347019093514,-4.692771597026188,25,0.06883347019093514
W1,12,premium_zscore,-0.05354178089584263,-4.677491323015278,25,0.05354178089584263
W1,24,ret_1h,-0.036374679902645334,-2.6990339756357504,25,0.036374679902645334
W1,24,ret_4h,-0.06978744139602538,-2.7807642129804804,25,0.06978744139602538
W1,24,ret_12h,-0.07765601049197196,-2.8905302128497694,25,0.07765601049197196
W1,24,ret_24h,-0.08366928475025874,-2.680932256684246,25,0.08366928475025874
W1,24,ret_48h,-0.08844917297543668,-2.3696022945942103,25,0.08844917297543668
W1,24,ret_168h,-0.17663790414072758,-4.130718883253821,25,0.17663790414072758
W1,24,rvol_12h,0.0649753074990672,2.082576809839267,25,0.0649753074990672
W1,24,rvol_24h,0.041644439906538745,1.1949599073955304,25,0.041644439906538745
W1,24,rvol_168h,-0.022635989904019497,-0.7950390494712826,25,0.022635989904019497
W1,24,vol_ratio_12h,0.0425791416899929,1.100477856936247,25,0.0425791416899929
W1,24,vol_ratio_24h,0.042084849443868685,0.9711169690647795,25,0.042084849443868685
W1,24,mom_z_12h,-0.07330422322565272,-2.6715729536700024,25,0.07330422322565272
W1,24,mom_z_24h,-0.0810102798147956,-2.6117626420920987,25,0.0810102798147956
W1,24,range_24h,0.01139261307035351,0.5785967774111553,25,0.01139261307035351
W1,24,dist_from_high_24h,0.0735730743946814,2.3921831867830026,25,0.0735730743946814
W1,24,btc_ret_1h,-0.04081321914063873,-3.0880305108060067,25,0.04081321914063873
W1,24,btc_ret_4h,-0.06920301394781456,-2.571201561736792,25,0.06920301394781456
W1,24,btc_ret_12h,-0.10223354753375975,-3.231799025599882,25,0.10223354753375975
W1,24,btc_ret_24h,-0.1334474338036273,-3.0635294834012123,25,0.1334474338036273
W1,24,btc_beta_168h,0.03956204417752223,1.8981435263319846,25,0.03956204417752223
W1,24,residual_12h,0.0032319641916858433,0.11624692397094899,25,0.0032319641916858433
W1,24,residual_24h,0.011991313748857315,0.3462236688682853,25,0.011991313748857315
W1,24,funding_rate_binance,-0.08337851933495882,-3.8322668744027664,25,0.08337851933495882
W1,24,cum_funding_24h,-0.10478953605683307,-3.8118450655092357,25,0.10478953605683307
W1,24,cum_funding_72h,-0.09338078102958539,-3.665622749748825,25,0.09338078102958539
W1,24,cum_funding_168h,-0.07766028085877355,-2.995713281134606,25,0.07766028085877355
W1,24,funding_zscore,-0.02978693580734941,-1.1693993220942098,25,0.02978693580734941
W1,24,funding_x_mom_12h,-0.018951878429394012,-0.7472073359719239,25,0.018951878429394012
W1,24,funding_x_mom_24h,-0.010884150813030086,-0.4220072553356858,25,0.010884150813030086
W1,24,oi_value_usd,-0.01933650382288092,-0.9457055049123113,25,0.01933650382288092
W1,24,taker_buy_sell_ratio,-0.028533258959245168,-2.580825523971884,25,0.028533258959245168
W1,24,top_ls_ratio,-0.04139020253404563,-2.627587902347031,25,0.04139020253404563
W1,24,global_ls_ratio,0.01697843912499307,0.9275154269800027,25,0.01697843912499307
W1,24,oi_chg_1h,-0.030819012839968067,-2.6994189429480704,25,0.030819012839968067
W1,24,oi_chg_4h,-0.05884086319625439,-2.7501274893117356,25,0.05884086319625439
W1,24,oi_chg_12h,-0.06944662270090518,-2.9069687955809984,25,0.06944662270090518
W1,24,oi_chg_24h,-0.07451841384791769,-2.501454952763479,25,0.07451841384791769
W1,24,oi_zscore,-0.15046824011015042,-4.318345695603416,25,0.15046824011015042
W1,24,oi_ret_diverge,-0.020878072587146534,-1.1110062895764925,25,0.020878072587146534
W1,24,taker_imbalance,-0.028533258959245168,-2.580825523971884,25,0.028533258959245168
W1,24,taker_cvd_4h,-0.04030921549949038,-2.1112647000868474,25,0.04030921549949038
W1,24,taker_cvd_12h,-0.050097883574890895,-2.0795386975120738,25,0.050097883574890895
W1,24,taker_cvd_24h,-0.04561423193067642,-1.8293015015846485,25,0.04561423193067642
W1,24,taker_zscore,-0.02408055048071549,-1.9614882421461635,25,0.02408055048071549
W1,24,top_ls_ratio_zscore,-0.07203348163350148,-2.824374288501879,25,0.07203348163350148
W1,24,global_ls_ratio_zscore,0.018680777604185583,0.7513018939669784,25,0.018680777604185583
W1,24,ls_divergence,-0.05272520677827007,-3.87373716025894,25,0.05272520677827007
W1,24,premium_index,-0.07276701303297935,-4.1142520387587505,25,0.07276701303297935
W1,24,premium_zscore,-0.05970097486786323,-3.5693377560106687,25,0.05970097486786323
W1,48,ret_1h,-0.019471423480979477,-2.1099849722726733,25,0.019471423480979477
W1,48,ret_4h,-0.03792229252471218,-2.085880823976484,25,0.03792229252471218
W1,48,ret_12h,-0.06108288925476764,-2.2795005585118986,25,0.06108288925476764
W1,48,ret_24h,-0.05557400762749579,-2.1231418461805625,25,0.05557400762749579
W1,48,ret_48h,-0.1512187128560199,-3.3334877702833223,25,0.1512187128560199
W1,48,ret_168h,-0.22024797936871995,-3.994132192411264,25,0.22024797936871995
W1,48,rvol_12h,0.05697469900033919,1.5375880884237554,25,0.05697469900033919
W1,48,rvol_24h,0.032483442145045976,0.7969392746282176,25,0.032483442145045976
W1,48,rvol_168h,-0.028490217382117784,-0.881917030322297,25,0.028490217382117784
W1,48,vol_ratio_12h,0.035661075928450206,0.7255178514623061,25,0.035661075928450206
W1,48,vol_ratio_24h,0.014465631324543564,0.28099647073066364,25,0.014465631324543564
W1,48,mom_z_12h,-0.053924945777428845,-2.1001477854535917,25,0.053924945777428845
W1,48,mom_z_24h,-0.051095518694730044,-2.077605980020707,25,0.051095518694730044
W1,48,range_24h,0.002071436100214908,0.07953991122533625,25,0.002071436100214908
W1,48,dist_from_high_24h,0.03364315048834371,1.3532485834108547,25,0.03364315048834371
W1,48,btc_ret_1h,-0.027969021915342965,-2.5221453974992505,25,0.027969021915342965
W1,48,btc_ret_4h,-0.04791848969831885,-2.037542841667676,25,0.04791848969831885
W1,48,btc_ret_12h,-0.0720062523378207,-2.094434847444054,25,0.0720062523378207
W1,48,btc_ret_24h,-0.08490492228253606,-1.78006961897491,25,0.08490492228253606
W1,48,btc_beta_168h,0.036934132500383424,1.3624191892104547,25,0.036934132500383424
W1,48,residual_12h,-0.0035990655656250414,-0.10498926803327184,25,0.0035990655656250414
W1,48,residual_24h,0.008167144177687964,0.23272320265652227,25,0.008167144177687964
W1,48,funding_rate_binance,-0.1203796233524956,-4.578147007539826,25,0.1203796233524956
W1,48,cum_funding_24h,-0.1449470397516096,-4.264499174817025,25,0.1449470397516096
W1,48,cum_funding_72h,-0.1216847095499067,-3.5108389036273056,25,0.1216847095499067
W1,48,cum_funding_168h,-0.09691831231205063,-2.5561302990279886,25,0.09691831231205063
W1,48,funding_zscore,-0.06374167454421802,-1.8560942517286514,25,0.06374167454421802
W1,48,funding_x_mom_12h,-0.01569812862995169,-0.6732465130582754,25,0.01569812862995169
W1,48,funding_x_mom_24h,-0.006520536102491863,-0.2654197302649945,25,0.006520536102491863
W1,48,oi_value_usd,-0.03276930999375846,-1.3253821160738297,25,0.03276930999375846
W1,48,taker_buy_sell_ratio,-0.025329914771433776,-2.6174641442975326,25,0.025329914771433776
W1,48,top_ls_ratio,-0.07190482421786279,-3.816792768062297,25,0.07190482421786279
W1,48,global_ls_ratio,0.01508974875278771,0.6035674906376507,25,0.01508974875278771
W1,48,oi_chg_1h,-0.015759869038235338,-2.2409501595822117,25,0.015759869038235338
W1,48,oi_chg_4h,-0.03553151513006722,-2.1055054795167822,25,0.03553151513006722
W1,48,oi_chg_12h,-0.045451916987947996,-2.23390101547148,25,0.045451916987947996
W1,48,oi_chg_24h,-0.044564927315931084,-1.5465925802853968,25,0.044564927315931084
W1,48,oi_zscore,-0.1810085184294076,-3.9337693705362122,25,0.1810085184294076
W1,48,oi_ret_diverge,-0.0046896391296046445,-0.24960865150418685,25,0.0046896391296046445
W1,48,taker_imbalance,-0.025329914771433776,-2.6174641442975326,25,0.025329914771433776
W1,48,taker_cvd_4h,-0.04324505908944827,-2.326032063908039,25,0.04324505908944827
W1,48,taker_cvd_12h,-0.05862338682526862,-2.304548403876489,25,0.05862338682526862
W1,48,taker_cvd_24h,-0.0551678342222886,-2.0060396098480333,25,0.0551678342222886
W1,48,taker_zscore,-0.01972073657113332,-1.72206485328291,25,0.01972073657113332
W1,48,top_ls_ratio_zscore,-0.1269422301679446,-3.884741231190593,25,0.1269422301679446
W1,48,global_ls_ratio_zscore,0.02819258104606142,0.9449374386475426,25,0.02819258104606142
W1,48,ls_divergence,-0.07606179767418514,-3.879119122586978,25,0.07606179767418514
W1,48,premium_index,-0.09284790020581202,-4.276678035248139,25,0.09284790020581202
W1,48,premium_zscore,-0.09163376433138821,-3.5939283656325336,25,0.09163376433138821
W2,1,ret_1h,-0.035544556144847105,-2.9724222088917167,24,0.035544556144847105
W2,1,ret_4h,-0.03546578597040183,-3.2143096222128564,24,0.03546578597040183
W2,1,ret_12h,-0.022854277062655175,-2.0707403653117944,24,0.022854277062655175
W2,1,ret_24h,-0.05356189631956496,-4.11292653811845,24,0.05356189631956496
W2,1,ret_48h,-0.03537044348621992,-2.514095001737865,24,0.03537044348621992
W2,1,ret_168h,-0.03725493578030912,-4.354083311219865,24,0.03725493578030912
W2,1,rvol_12h,0.008897994208675056,1.0776703504662788,24,0.008897994208675056
W2,1,rvol_24h,0.006047938350979897,0.5882774029095944,24,0.006047938350979897
W2,1,rvol_168h,-0.010834508478209846,-1.5905998333621552,24,0.010834508478209846
W2,1,vol_ratio_12h,0.018946868576639284,2.579942825503533,24,0.018946868576639284
W2,1,vol_ratio_24h,0.01915714619829326,2.1227891665211227,24,0.01915714619829326
W2,1,mom_z_12h,-0.02088173045070825,-2.1587982332246782,24,0.02088173045070825
W2,1,mom_z_24h,-0.049982245841067606,-4.227403617622874,24,0.049982245841067606
W2,1,range_24h,0.008964444874640161,3.901424892996763,24,0.008964444874640161
W2,1,dist_from_high_24h,0.03474529140823673,3.2779989763339943,24,0.03474529140823673
W2,1,btc_ret_1h,-0.03407555507258698,-2.6156604907325494,24,0.03407555507258698
W2,1,btc_ret_4h,-0.04797487948348458,-3.2647960751300076,24,0.04797487948348458
W2,1,btc_ret_12h,-0.031176404185200773,-2.384232879111689,24,0.031176404185200773
W2,1,btc_ret_24h,-0.061887070917912713,-4.235835528424781,24,0.061887070917912713
W2,1,btc_beta_168h,-0.00750214447907014,-1.221560704865863,24,0.00750214447907014
W2,1,residual_12h,0.0015964479949418149,0.16783524907841835,24,0.0015964479949418149
W2,1,residual_24h,-0.015019249478658367,-1.5238783847682933,24,0.015019249478658367
W2,1,funding_rate_binance,-0.01642839093677844,-2.598543464361953,24,0.01642839093677844
W2,1,cum_funding_24h,-0.0159912413111573,-2.2304633319712837,24,0.0159912413111573
W2,1,cum_funding_72h,-0.026030435306249367,-3.945881972996042,24,0.026030435306249367
W2,1,cum_funding_168h,-0.011923922588146544,-3.0432596126807145,24,0.011923922588146544
W2,1,funding_zscore,-0.008316185116445579,-1.2496211286987116,24,0.008316185116445579
W2,1,funding_x_mom_12h,-0.00359847135756822,-0.4763742494425458,24,0.00359847135756822
W2,1,funding_x_mom_24h,-0.010917708207466037,-1.2902518553100737,24,0.010917708207466037
W2,1,oi_value_usd,0.00013251328168538556,0.04402468941235933,24,0.00013251328168538556
W2,1,taker_buy_sell_ratio,-0.012668732234910114,-1.5553735000985063,24,0.012668732234910114
W2,1,top_ls_ratio,-0.006977243973733146,-2.6082833624379793,24,0.006977243973733146
W2,1,global_ls_ratio,0.004295337033431672,1.2735181908341078,24,0.004295337033431672
W2,1,oi_chg_1h,-0.028848687796813936,-2.853758865459478,24,0.028848687796813936
W2,1,oi_chg_4h,-0.035230384331253965,-4.2198085359883475,24,0.035230384331253965
W2,1,oi_chg_12h,-0.019932844608027783,-2.258662323726075,24,0.019932844608027783
W2,1,oi_chg_24h,-0.04090473020377707,-3.752928089206169,24,0.04090473020377707
W2,1,oi_zscore,-0.03790351669940004,-4.210098322329614,24,0.03790351669940004
W2,1,oi_ret_diverge,-0.0062012221752560034,-1.1905817252755684,24,0.0062012221752560034
W2,1,taker_imbalance,-0.012668732234910114,-1.5553735000985063,24,0.012668732234910114
W2,1,taker_cvd_4h,-0.021932845949344925,-2.59018617266095,24,0.021932845949344925
W2,1,taker_cvd_12h,-0.014335929751722756,-1.959106199968034,24,0.014335929751722756
W2,1,taker_cvd_24h,-0.01950485518277938,-2.2715114488044477,24,0.01950485518277938
W2,1,taker_zscore,-0.013444288189178316,-1.7020581163427813,24,0.013444288189178316
W2,1,top_ls_ratio_zscore,-0.007356582608232573,-1.3059868325767983,24,0.007356582608232573
W2,1,global_ls_ratio_zscore,0.006597393129762571,0.9644397823566536,24,0.006597393129762571
W2,1,ls_divergence,-0.007926915489915339,-2.628470394217054,24,0.007926915489915339
W2,1,premium_index,0.0048450770904932055,0.6458149605872584,24,0.0048450770904932055
W2,1,premium_zscore,0.008900807169583207,1.1581996377928476,24,0.008900807169583207
W2,4,ret_1h,-0.030170492414570666,-2.876961287732511,24,0.030170492414570666
W2,4,ret_4h,-0.02414541375227232,-1.2276992342357684,24,0.02414541375227232
W2,4,ret_12h,-0.020221860505954457,-1.00570602423989,24,0.020221860505954457
W2,4,ret_24h,-0.07267029072334431,-2.7145058774418414,24,0.07267029072334431
W2,4,ret_48h,-0.06565900839740406,-2.4553254369557345,24,0.06565900839740406
W2,4,ret_168h,-0.07965494574708569,-4.333909211005463,24,0.07965494574708569
W2,4,rvol_12h,0.017065898917340453,1.1811512547786551,24,0.017065898917340453
W2,4,rvol_24h,0.012817092123350776,0.6870945608827506,24,0.012817092123350776
W2,4,rvol_168h,-0.0209266893629548,-1.504222488366082,24,0.0209266893629548
W2,4,vol_ratio_12h,0.03848135390833743,2.8166082918642616,24,0.03848135390833743
W2,4,vol_ratio_24h,0.03121253219779384,1.8566411719969613,24,0.03121253219779384
W2,4,mom_z_12h,-0.015602787033590979,-0.8332879170539161,24,0.015602787033590979
W2,4,mom_z_24h,-0.061609145162649016,-2.4511973814525887,24,0.061609145162649016
W2,4,range_24h,0.0162288643581454,3.7737064886451837,24,0.0162288643581454
W2,4,dist_from_high_24h,0.03902784344602392,1.893709968643402,24,0.03902784344602392
W2,4,btc_ret_1h,-0.050829458073342715,-3.7025348266545746,24,0.050829458073342715
W2,4,btc_ret_4h,-0.049128865816672945,-2.195100416919473,24,0.049128865816672945
W2,4,btc_ret_12h,-0.033374563877320435,-1.331061874932798,24,0.033374563877320435
W2,4,btc_ret_24h,-0.07928906096699183,-2.9502087278302125,24,0.07928906096699183
W2,4,btc_beta_168h,-0.01637440702508932,-1.3060230621562163,24,0.01637440702508932
W2,4,residual_12h,0.010959610506585941,0.5545923277525758,24,0.010959610506585941
W2,4,residual_24h,-0.019228600739348678,-0.9868589662523009,24,0.019228600739348678
W2,4,funding_rate_binance,-0.03631653852746634,-2.874807399198714,24,0.03631653852746634
W2,4,cum_funding_24h,-0.037244063683684846,-2.559660830272709,24,0.037244063683684846
W2,4,cum_funding_72h,-0.05339754314260076,-3.791451786212043,24,0.05339754314260076
W2,4,cum_funding_168h,-0.021571123362064144,-2.865769572223143,24,0.021571123362064144
W2,4,funding_zscore,-0.022813085130706203,-1.8157694327691971,24,0.022813085130706203
W2,4,funding_x_mom_12h,-0.0021081043701060786,-0.1670273017904895,24,0.0021081043701060786
W2,4,funding_x_mom_24h,-0.01503997566287238,-0.8812089285229651,24,0.01503997566287238
W2,4,oi_value_usd,-0.0017594860594156634,-0.29043659142400446,24,0.0017594860594156634
W2,4,taker_buy_sell_ratio,-0.020373984344335766,-2.1933269854508843,24,0.020373984344335766
W2,4,top_ls_ratio,-0.01814646475840993,-2.954722043226211,24,0.01814646475840993
W2,4,global_ls_ratio,0.007636048887437705,1.1430940616880303,24,0.007636048887437705
W2,4,oi_chg_1h,-0.03308068469023543,-3.499070781181642,24,0.03308068469023543
W2,4,oi_chg_4h,-0.03204120009413658,-2.127747663596062,24,0.03204120009413658
W2,4,oi_chg_12h,-0.02437337150332644,-1.327654177213212,24,0.02437337150332644
W2,4,oi_chg_24h,-0.05384627349489398,-2.511942977517803,24,0.05384627349489398
W2,4,oi_zscore,-0.07859687198974603,-4.144327853598007,24,0.07859687198974603
W2,4,oi_ret_diverge,-0.018013095144869637,-1.3919388748281907,24,0.018013095144869637
W2,4,taker_imbalance,-0.020373984344335766,-2.1933269854508843,24,0.020373984344335766
W2,4,taker_cvd_4h,-0.0347373232205976,-2.4281320555152646,24,0.0347373232205976
W2,4,taker_cvd_12h,-0.026236362632521933,-2.0690682709209547,24,0.026236362632521933
W2,4,taker_cvd_24h,-0.03341033119066956,-2.214032324589496,24,0.03341033119066956
W2,4,taker_zscore,-0.02013548864192084,-2.229224635770521,24,0.02013548864192084
W2,4,top_ls_ratio_zscore,-0.02953069859903217,-2.3506279985847454,24,0.02953069859903217
W2,4,global_ls_ratio_zscore,0.012207983460589614,0.9870887573033321,24,0.012207983460589614
W2,4,ls_divergence,-0.01955507169846896,-3.033781299348297,24,0.01955507169846896
W2,4,premium_index,0.00027880804259948776,0.026290802355929958,24,0.00027880804259948776
W2,4,premium_zscore,0.004521461241662358,0.4186627314278855,24,0.004521461241662358
W2,12,ret_1h,-0.011380149196422816,-0.9132631768565819,24,0.011380149196422816
W2,12,ret_4h,-0.008010396061100397,-0.3967596971387863,24,0.008010396061100397
W2,12,ret_12h,-0.056600394974142314,-1.754044588657842,24,0.056600394974142314
W2,12,ret_24h,-0.10248049754110762,-2.326399002549338,24,0.10248049754110762
W2,12,ret_48h,-0.10524944017054584,-2.7899070404571122,24,0.10524944017054584
W2,12,ret_168h,-0.1377594326001734,-4.816508958796236,24,0.1377594326001734
W2,12,rvol_12h,0.013440877902500092,0.7163152694683658,24,0.013440877902500092
W2,12,rvol_24h,0.014146897491794604,0.49848208475564126,24,0.014146897491794604
W2,12,rvol_168h,-0.03835821957791363,-1.8444284320355744,24,0.03835821957791363
W2,12,vol_ratio_12h,0.048305219979439616,2.0338873295097883,24,0.048305219979439616
W2,12,vol_ratio_24h,0.03199669113044579,1.1643872144632856,24,0.03199669113044579
W2,12,mom_z_12h,-0.04572391902152142,-1.5660956845044758,24,0.04572391902152142
W2,12,mom_z_24h,-0.08315106608489416,-1.9583563085575235,24,0.08315106608489416
W2,12,range_24h,0.026380013876254646,2.915352632863536,24,0.026380013876254646
W2,12,dist_from_high_24h,0.05070984714058418,1.4318175397679167,24,0.05070984714058418
W2,12,btc_ret_1h,-0.01681660402031943,-1.4540107188957474,24,0.01681660402031943
W2,12,btc_ret_4h,-0.020301928039383133,-1.014347581992968,24,0.020301928039383133
W2,12,btc_ret_12h,-0.05549350897014787,-1.3830745917646448,24,0.05549350897014787
W2,12,btc_ret_24h,-0.10746888827985983,-2.374987074745002,24,0.10746888827985983
W2,12,btc_beta_168h,-0.028245446150174627,-1.2650714139630463,24,0.028245446150174627
W2,12,residual_12h,0.0022132782729333534,0.08139620030811376,24,0.0022132782729333534
W2,12,residual_24h,-0.02890686521119319,-0.9545696168979361,24,0.02890686521119319
W2,12,funding_rate_binance,-0.05534497566373278,-2.8514990288020736,24,0.05534497566373278
W2,12,cum_funding_24h,-0.06535698719412096,-2.3857886987977994,24,0.06535698719412096
W2,12,cum_funding_72h,-0.09125530481582234,-3.506134675645246,24,0.09125530481582234
W2,12,cum_funding_168h,-0.025700251957663303,-2.428267348531856,24,0.025700251957663303
W2,12,funding_zscore,-0.03654037183889084,-1.7780381407412207,24,0.03654037183889084
W2,12,funding_x_mom_12h,-0.008249029772072642,-0.42145177711679394,24,0.008249029772072642
W2,12,funding_x_mom_24h,-0.02509025949946629,-0.9845587068865997,24,0.02509025949946629
W2,12,oi_value_usd,-0.00622132373336001,-0.5337922558909232,24,0.00622132373336001
W2,12,taker_buy_sell_ratio,-0.015673551695540012,-1.7720876066421507,24,0.015673551695540012
W2,12,top_ls_ratio,-0.029929766336102254,-2.9718710886395097,24,0.029929766336102254
W2,12,global_ls_ratio,0.01195030436296137,0.9625623319281534,24,0.01195030436296137
W2,12,oi_chg_1h,-0.016043957286182364,-1.4528404577574645,24,0.016043957286182364
W2,12,oi_chg_4h,-0.022825332863900216,-1.19714635008898,24,0.022825332863900216
W2,12,oi_chg_12h,-0.046231948609274875,-1.5256849208727172,24,0.046231948609274875
W2,12,oi_chg_24h,-0.07306454075292516,-2.2272195970680437,24,0.07306454075292516
W2,12,oi_zscore,-0.13272584724846792,-4.994627706951611,24,0.13272584724846792
W2,12,oi_ret_diverge,-0.008566321646691287,-0.44150780034408543,24,0.008566321646691287
W2,12,taker_imbalance,-0.015673551695540012,-1.7720876066421507,24,0.015673551695540012
W2,12,taker_cvd_4h,-0.024144362658556424,-1.6583403307709468,24,0.024144362658556424
W2,12,taker_cvd_12h,-0.02779140766530074,-1.4392309251384519,24,0.02779140766530074
W2,12,taker_cvd_24h,-0.026312214169866843,-1.0920450156899748,24,0.026312214169866843
W2,12,taker_zscore,-0.013778677957749558,-1.681817875146865,24,0.013778677957749558
W2,12,top_ls_ratio_zscore,-0.0546336560010064,-2.2785033218783988,24,0.0546336560010064
W2,12,global_ls_ratio_zscore,0.039253974209958596,1.8460310763110461,24,0.039253974209958596
W2,12,ls_divergence,-0.031754900123841516,-2.8641857500086445,24,0.031754900123841516
W2,12,premium_index,-0.020581911742070424,-1.525679719405617,24,0.020581911742070424
W2,12,premium_zscore,-0.01675402632300732,-1.2794949316338144,24,0.01675402632300732
W2,24,ret_1h,-0.03750507196272939,-3.32717462865466,24,0.03750507196272939
W2,24,ret_4h,-0.05640669572103584,-2.388341707576371,24,0.05640669572103584
W2,24,ret_12h,-0.09786596012029641,-2.371080195423633,24,0.09786596012029641
W2,24,ret_24h,-0.10962498118364188,-2.3011616114862496,24,0.10962498118364188
W2,24,ret_48h,-0.1477788333567007,-3.5504647141436587,24,0.1477788333567007
W2,24,ret_168h,-0.19003089581323898,-5.244839918884371,24,0.19003089581323898
W2,24,rvol_12h,0.03066590546717719,0.9972158822178865,24,0.03066590546717719
W2,24,rvol_24h,0.013069078209522763,0.3364009752936204,24,0.013069078209522763
W2,24,rvol_168h,-0.04510175755127899,-1.8003457838925883,24,0.04510175755127899
W2,24,vol_ratio_12h,0.04642479612973301,1.2972513795935843,24,0.04642479612973301
W2,24,vol_ratio_24h,0.027119109482989474,0.620561271732599,24,0.027119109482989474
W2,24,mom_z_12h,-0.07701569941148466,-2.025972896233106,24,0.07701569941148466
W2,24,mom_z_24h,-0.08623485731293974,-1.8483644953683964,24,0.08623485731293974
W2,24,range_24h,0.038479084963328004,2.3984929431191753,24,0.038479084963328004
W2,24,dist_from_high_24h,0.07352340931146704,1.6089472010060601,24,0.07352340931146704
W2,24,btc_ret_1h,-0.040875965178761554,-3.0848695798744448,24,0.040875965178761554
W2,24,btc_ret_4h,-0.06076987283213542,-2.4183194251414473,24,0.06076987283213542
W2,24,btc_ret_12h,-0.08953300077113692,-2.0801783931662303,24,0.08953300077113692
W2,24,btc_ret_24h,-0.1078430354291976,-1.8035278846986478,24,0.1078430354291976
W2,24,btc_beta_168h,-0.0257044589140545,-1.0641180818838474,24,0.0257044589140545
W2,24,residual_12h,-0.028997160131208052,-1.0088042822213037,24,0.028997160131208052
W2,24,residual_24h,-0.051269328144714736,-1.3906411399830332,24,0.051269328144714736
W2,24,funding_rate_binance,-0.059583051079349726,-2.2065153572375036,24,0.059583051079349726
W2,24,cum_funding_24h,-0.10037274487200228,-2.8947285952130435,24,0.10037274487200228
W2,24,cum_funding_72h,-0.12871637001399736,-3.7141804261560916,24,0.12871637001399736
W2,24,cum_funding_168h,-0.04255466156788686,-2.968079063516364,24,0.04255466156788686
W2,24,funding_zscore,-0.030877517525071178,-1.0118718869280565,24,0.030877517525071178
W2,24,funding_x_mom_12h,-0.023414336842406427,-0.8613405463238123,24,0.023414336842406427
W2,24,funding_x_mom_24h,-0.026468967971722435,-0.8650077744175598,24,0.026468967971722435
W2,24,oi_value_usd,-0.006345224030886762,-0.39587004206223264,24,0.006345224030886762
W2,24,taker_buy_sell_ratio,-0.02457065855229518,-2.4907833102022257,24,0.02457065855229518
W2,24,top_ls_ratio,-0.04112527326280654,-4.483698720338673,24,0.04112527326280654
W2,24,global_ls_ratio,0.011738766362925401,0.710510889100137,24,0.011738766362925401
W2,24,oi_chg_1h,-0.031447728303322355,-3.1321391762843627,24,0.031447728303322355
W2,24,oi_chg_4h,-0.050960000098534,-2.590989929842447,24,0.050960000098534
W2,24,oi_chg_12h,-0.07579942397347779,-2.3713508025271457,24,0.07579942397347779
W2,24,oi_chg_24h,-0.07698657718544115,-2.19012566206385,24,0.07698657718544115
W2,24,oi_zscore,-0.1786047484078219,-5.847206387162857,24,0.1786047484078219
W2,24,oi_ret_diverge,0.003449981678760613,0.17969715904396866,24,0.003449981678760613
W2,24,taker_imbalance,-0.02457065855229518,-2.4907833102022257,24,0.02457065855229518
W2,24,taker_cvd_4h,-0.034409655712809996,-1.958930387031673,24,0.034409655712809996
W2,24,taker_cvd_12h,-0.03525654492914286,-1.3332864501411799,24,0.03525654492914286
W2,24,taker_cvd_24h,-0.029752315308459454,-0.9255528292722507,24,0.029752315308459454
W2,24,taker_zscore,-0.022630746778249566,-2.47258003308172,24,0.022630746778249566
W2,24,top_ls_ratio_zscore,-0.058231462067385276,-1.9778825207874227,24,0.058231462067385276
W2,24,global_ls_ratio_zscore,0.06423124575714277,2.412672777308053,24,0.06423124575714277
W2,24,ls_divergence,-0.04177285366021941,-3.3482441058515637,24,0.04177285366021941
W2,24,premium_index,-0.029501558417105545,-1.9775173553092698,24,0.029501558417105545
W2,24,premium_zscore,-0.0223194749481407,-1.4829186836046224,24,0.0223194749481407
W2,48,ret_1h,-0.021605778965849295,-2.250751463978115,24,0.021605778965849295
W2,48,ret_4h,-0.05054870672471166,-2.460002311898631,24,0.05054870672471166
W2,48,ret_12h,-0.09279300408852241,-3.072968176422717,24,0.09279300408852241
W2,48,ret_24h,-0.13363266687052622,-3.7702379981089162,24,0.13363266687052622
W2,48,ret_48h,-0.20561631761289637,-4.967455686234454,24,0.20561631761289637
W2,48,ret_168h,-0.2599403749764042,-6.0655807793702525,24,0.2599403749764042
W2,48,rvol_12h,0.01711617607193563,0.41069997520330065,24,0.01711617607193563
W2,48,rvol_24h,0.0045577251886187164,0.09749247805925372,24,0.0045577251886187164
W2,48,rvol_168h,-0.05664114499249617,-1.8521390391033041,24,0.05664114499249617
W2,48,vol_ratio_12h,0.03890487812314663,0.7694551758738062,24,0.03890487812314663
W2,48,vol_ratio_24h,0.028133595116515833,0.4877715473617765,24,0.028133595116515833
W2,48,mom_z_12h,-0.07274569388728559,-2.712578504517668,24,0.07274569388728559
W2,48,mom_z_24h,-0.1113525408866624,-3.359847225234107,24,0.1113525408866624
W2,48,range_24h,0.06205341656859481,2.8320977427492786,24,0.06205341656859481
W2,48,dist_from_high_24h,0.06348435522419116,1.998693574309619,24,0.06348435522419116
W2,48,btc_ret_1h,-0.018027151932442274,-1.4317766009423243,24,0.018027151932442274
W2,48,btc_ret_4h,-0.03206392749384314,-1.3271357987604189,24,0.03206392749384314
W2,48,btc_ret_12h,-0.05529093929246207,-1.3352237114075902,24,0.05529093929246207
W2,48,btc_ret_24h,-0.06924557142900668,-1.2653056522949984,24,0.06924557142900668
W2,48,btc_beta_168h,-0.004352379625021301,-0.12925670053548774,24,0.004352379625021301
W2,48,residual_12h,-0.05898548314201146,-2.481465364862775,24,0.05898548314201146
W2,48,residual_24h,-0.10769439380617081,-2.8388702043816365,24,0.10769439380617081
W2,48,funding_rate_binance,-0.11808060672109207,-3.9673899706827296,24,0.11808060672109207
W2,48,cum_funding_24h,-0.17138635111778644,-4.6987004218962625,24,0.17138635111778644
W2,48,cum_funding_72h,-0.17965954562403544,-4.415453294741695,24,0.17965954562403544
W2,48,cum_funding_168h,-0.0803875063597277,-2.9815035849937113,24,0.0803875063597277
W2,48,funding_zscore,-0.06961945105007325,-1.8604873117654517,24,0.06961945105007325
W2,48,funding_x_mom_12h,-0.020585022748643808,-0.9634299294513929,24,0.020585022748643808
W2,48,funding_x_mom_24h,-0.03423100349190048,-1.6639818300085367,24,0.03423100349190048
W2,48,oi_value_usd,0.003062404132151928,0.12470317515750351,24,0.003062404132151928
W2,48,taker_buy_sell_ratio,-0.017621749123630886,-1.3331118148740548,24,0.017621749123630886
W2,48,top_ls_ratio,-0.07629670253446859,-5.806104562856429,24,0.07629670253446859
W2,48,global_ls_ratio,0.00567432346529477,0.24893791471153837,24,0.00567432346529477
W2,48,oi_chg_1h,-0.019058360579302682,-2.280000086955732,24,0.019058360579302682
W2,48,oi_chg_4h,-0.042280400742555825,-2.585181835776597,24,0.042280400742555825
W2,48,oi_chg_12h,-0.07785712264148585,-3.198289991566648,24,0.07785712264148585
W2,48,oi_chg_24h,-0.11180542735073477,-3.6426645676647857,24,0.11180542735073477
W2,48,oi_zscore,-0.24743005305364288,-6.626037965195711,24,0.24743005305364288
W2,48,oi_ret_diverge,-0.01414748555144854,-0.8624167823886306,24,0.01414748555144854
W2,48,taker_imbalance,-0.017621749123630886,-1.3331118148740548,24,0.017621749123630886
W2,48,taker_cvd_4h,-0.03222106277143887,-1.3823699045353433,24,0.03222106277143887
W2,48,taker_cvd_12h,-0.037093028690150874,-1.238389444830204,24,0.037093028690150874
W2,48,taker_cvd_24h,-0.04375929991258326,-1.2711417762196908,24,0.04375929991258326
W2,48,taker_zscore,-0.013887059834714876,-1.1072609120114068,24,0.013887059834714876
W2,48,top_ls_ratio_zscore,-0.11313202366486319,-3.2437852234624684,24,0.11313202366486319
W2,48,global_ls_ratio_zscore,0.06851700502628785,2.1567119521479254,24,0.06851700502628785
W2,48,ls_divergence,-0.06720970054928273,-4.1691732109573785,24,0.06720970054928273
W2,48,premium_index,-0.051300812804991124,-2.721923747989552,24,0.051300812804991124
W2,48,premium_zscore,-0.038573445381814314,-1.81992780119863,24,0.038573445381814314
W3,1,ret_1h,-0.02804477435450089,-3.039291522328863,34,0.02804477435450089
W3,1,ret_4h,-0.022868342125052683,-2.019458489249113,34,0.022868342125052683
W3,1,ret_12h,-0.03998840914713026,-4.75455688523511,34,0.03998840914713026
W3,1,ret_24h,-0.04749012352488623,-6.4805015121035785,34,0.04749012352488623
W3,1,ret_48h,-0.050025511360230264,-7.04790567808538,34,0.050025511360230264
W3,1,ret_168h,-0.03320750119081627,-4.812660547300963,34,0.03320750119081627
W3,1,rvol_12h,-0.001879799734560313,-0.24267364229220356,34,0.001879799734560313
W3,1,rvol_24h,0.0003214967614000137,0.05104900669630363,34,0.0003214967614000137
W3,1,rvol_168h,-0.008529819969968783,-1.7931421986959737,34,0.008529819969968783
W3,1,vol_ratio_12h,0.005279882320286125,0.6188629994467686,34,0.005279882320286125
W3,1,vol_ratio_24h,0.0022513045786570042,0.2936631435925283,34,0.0022513045786570042
W3,1,mom_z_12h,-0.03688212764983761,-4.568068706265487,34,0.03688212764983761
W3,1,mom_z_24h,-0.045791334935173664,-6.325304736405868,34,0.045791334935173664
W3,1,range_24h,0.006187537481044137,1.857184430409876,34,0.006187537481044137
W3,1,dist_from_high_24h,0.041324875737159796,4.608564275642276,34,0.041324875737159796
W3,1,btc_ret_1h,-0.02407642352120229,-2.2350638760689097,34,0.02407642352120229
W3,1,btc_ret_4h,-0.008438795806228638,-0.6751069573275432,34,0.008438795806228638
W3,1,btc_ret_12h,-0.03103160558979679,-3.4499663029525154,34,0.03103160558979679
W3,1,btc_ret_24h,-0.043983470468737,-6.077259203295371,34,0.043983470468737
W3,1,btc_beta_168h,-0.008314407747805124,-1.7888286786954193,34,0.008314407747805124
W3,1,residual_12h,-0.021058296950248974,-2.8489811318264913,34,0.021058296950248974
W3,1,residual_24h,-0.027771978301669997,-3.4558906417473376,34,0.027771978301669997
W3,1,funding_rate_binance,-0.019259217832604505,-3.769456832718722,34,0.019259217832604505
W3,1,cum_funding_24h,-0.023388226711551215,-4.571608503047646,34,0.023388226711551215
W3,1,cum_funding_72h,-0.013727626841363567,-3.1083404256876763,34,0.013727626841363567
W3,1,cum_funding_168h,-0.009814615190187658,-2.75930607835696,34,0.009814615190187658
W3,1,funding_zscore,-0.01732151408790126,-3.0842655650266098,34,0.01732151408790126
W3,1,funding_x_mom_12h,-0.009655809819933983,-1.8370277956797678,34,0.009655809819933983
W3,1,funding_x_mom_24h,-0.006872702059320909,-1.1577784242617375,34,0.006872702059320909
W3,1,oi_value_usd,-0.003030784313033744,-1.4440322637190872,34,0.003030784313033744
W3,1,taker_buy_sell_ratio,-0.012596402371950397,-2.4396480220637704,34,0.012596402371950397
W3,1,top_ls_ratio,-0.008421926141183126,-3.2579239556881587,34,0.008421926141183126
W3,1,global_ls_ratio,0.003504985538054851,1.1193322425171408,34,0.003504985538054851
W3,1,oi_chg_1h,-0.03187029297052622,-3.5462327741706763,34,0.03187029297052622
W3,1,oi_chg_4h,-0.020812140955626484,-2.1407331422676266,34,0.020812140955626484
W3,1,oi_chg_12h,-0.034635582991287404,-5.569810251968652,34,0.034635582991287404
W3,1,oi_chg_24h,-0.037718539088108384,-6.116693796153539,34,0.037718539088108384
W3,1,oi_zscore,-0.041118504510600805,-7.643868335634388,34,0.041118504510600805
W3,1,oi_ret_diverge,-0.011889612137970625,-2.195788709726387,34,0.011889612137970625
W3,1,taker_imbalance,-0.012596402371950397,-2.4396480220637704,34,0.012596402371950397
W3,1,taker_cvd_4h,-0.00695542630291987,-1.3003478889797513,34,0.00695542630291987
W3,1,taker_cvd_12h,-0.009015079127795169,-1.9461319874070637,34,0.009015079127795169
W3,1,taker_cvd_24h,-0.008557788215164874,-2.5120683842061826,34,0.008557788215164874
W3,1,taker_zscore,-0.011666935132735371,-2.286761190438289,34,0.011666935132735371
W3,1,top_ls_ratio_zscore,-0.01415756480715783,-2.7120985473209327,34,0.01415756480715783
W3,1,global_ls_ratio_zscore,0.0015736965151832117,0.27339196826003515,34,0.0015736965151832117
W3,1,ls_divergence,-0.008712299016388387,-3.933985272937175,34,0.008712299016388387
W3,1,premium_index,-0.00925828709671205,-1.3988753897073494,34,0.00925828709671205
W3,1,premium_zscore,-0.008599277219995826,-1.2383862325261576,34,0.008599277219995826
W3,4,ret_1h,-0.011073627549945177,-1.0044344860443992,34,0.011073627549945177
W3,4,ret_4h,-0.017584117816537757,-1.1969790314556115,34,0.017584117816537757
W3,4,ret_12h,-0.060557529072546794,-3.4570811272061466,34,0.060557529072546794
W3,4,ret_24h,-0.07473405790790506,-5.1196200906525995,34,0.07473405790790506
W3,4,ret_48h,-0.0847152607983945,-6.584186423430687,34,0.0847152607983945
W3,4,ret_168h,-0.06247018853729438,-4.445169760039371,34,0.06247018853729438
W3,4,rvol_12h,-0.006655876329215054,-0.41268136364513,34,0.006655876329215054
W3,4,rvol_24h,0.00025936566855636875,0.017890973699492572,34,0.00025936566855636875
W3,4,rvol_168h,-0.007247661490533748,-0.7128149404895209,34,0.007247661490533748
W3,4,vol_ratio_12h,0.009149202300544312,0.5971885692757303,34,0.009149202300544312
W3,4,vol_ratio_24h,-0.00033526005666859526,-0.02107413341543462,34,0.00033526005666859526
W3,4,mom_z_12h,-0.049422723965270025,-2.8762309480181623,34,0.049422723965270025
W3,4,mom_z_24h,-0.06841001081418221,-4.692659138779699,34,0.06841001081418221
W3,4,range_24h,0.00849189306789439,1.3125419376005978,34,0.00849189306789439
W3,4,dist_from_high_24h,0.05523400619750527,3.2728829258954213,34,0.05523400619750527
W3,4,btc_ret_1h,-0.00031020471388813384,-0.0273501670271423,34,0.00031020471388813384
W3,4,btc_ret_4h,0.000723392962251765,0.04194616420320783,34,0.000723392962251765
W3,4,btc_ret_12h,-0.04953081210372092,-3.072277740200468,34,0.04953081210372092
W3,4,btc_ret_24h,-0.07137852943909222,-5.694713419807193,34,0.07137852943909222
W3,4,btc_beta_168h,-0.008244419173826519,-0.8984708465843665,34,0.008244419173826519
W3,4,residual_12h,-0.03188205759890877,-2.128556919875356,34,0.03188205759890877
W3,4,residual_24h,-0.042424130905790274,-2.3372180593863923,34,0.042424130905790274
W3,4,funding_rate_binance,-0.03810888303954461,-3.2293093956142505,34,0.03810888303954461
W3,4,cum_funding_24h,-0.047514292296793346,-4.165043190766286,34,0.047514292296793346
W3,4,cum_funding_72h,-0.02792587447781973,-3.062286626293858,34,0.02792587447781973
W3,4,cum_funding_168h,-0.017832469655675975,-2.7173307811459555,34,0.017832469655675975
W3,4,funding_zscore,-0.0315364617014788,-2.5747955226157733,34,0.0315364617014788
W3,4,funding_x_mom_12h,-0.015573603469891995,-1.6788012010014763,34,0.015573603469891995
W3,4,funding_x_mom_24h,-0.007273546699713538,-0.624183648621185,34,0.007273546699713538
W3,4,oi_value_usd,-0.009787956882204005,-2.153150476179297,34,0.009787956882204005
W3,4,taker_buy_sell_ratio,0.001571301593011892,0.24133881465641063,34,0.001571301593011892
W3,4,top_ls_ratio,-0.015075869652614583,-3.123765918138351,34,0.015075869652614583
W3,4,global_ls_ratio,0.003290362808671312,0.5508479439366439,34,0.003290362808671312
W3,4,oi_chg_1h,-0.013223927870089991,-1.3181830205045064,34,0.013223927870089991
W3,4,oi_chg_4h,-0.01883546561405794,-1.644360255290249,34,0.01883546561405794
W3,4,oi_chg_12h,-0.05009500354291114,-3.9682172402223084,34,0.05009500354291114
W3,4,oi_chg_24h,-0.05696335051866687,-4.864097613426738,34,0.05696335051866687
W3,4,oi_zscore,-0.07421488053034171,-7.19128757368222,34,0.07421488053034171
W3,4,oi_ret_diverge,-0.014127536501074692,-1.2415190508932796,34,0.014127536501074692
W3,4,taker_imbalance,0.001571301593011892,0.24133881465641063,34,0.001571301593011892
W3,4,taker_cvd_4h,0.001079590901744217,0.12877740992749806,34,0.001079590901744217
W3,4,taker_cvd_12h,-0.005224750381245597,-0.5984616995637746,34,0.005224750381245597
W3,4,taker_cvd_24h,-0.005375751369567211,-0.7402499767663799,34,0.005375751369567211
W3,4,taker_zscore,0.0019002294652202063,0.2905448011042406,34,0.0019002294652202063
W3,4,top_ls_ratio_zscore,-0.028174826880572053,-2.8373004320516286,34,0.028174826880572053
W3,4,global_ls_ratio_zscore,-0.000284385465456006,-0.024122498839355338,34,0.000284385465456006
W3,4,ls_divergence,-0.014484696237984498,-3.197773670740795,34,0.014484696237984498
W3,4,premium_index,-0.024028454042841346,-2.4093107863933554,34,0.024028454042841346
W3,4,premium_zscore,-0.026093346843126475,-2.6785975953575423,34,0.026093346843126475
W3,12,ret_1h,-0.021145560239605284,-2.6835354588555975,34,0.021145560239605284
W3,12,ret_4h,-0.04196282162353074,-2.2801209416198485,34,0.04196282162353074
W3,12,ret_12h,-0.07063135785491745,-2.6264572406578455,34,0.07063135785491745
W3,12,ret_24h,-0.09433086157571458,-4.276086570811964,34,0.09433086157571458
W3,12,ret_48h,-0.12868391112773458,-6.192737306725738,34,0.12868391112773458
W3,12,ret_168h,-0.10694529000467966,-3.96522666368445,34,0.10694529000467966
W3,12,rvol_12h,-0.01832023766282745,-0.7610066931649645,34,0.01832023766282745
W3,12,rvol_24h,-0.010496759081977761,-0.4296222992540174,34,0.010496759081977761
W3,12,rvol_168h,-0.013763861007733566,-0.754706230205316,34,0.013763861007733566
W3,12,vol_ratio_12h,-0.007289650945014419,-0.2940595633101362,34,0.007289650945014419
W3,12,vol_ratio_24h,-0.0019262587097151765,-0.07985214622308304,34,0.0019262587097151765
W3,12,mom_z_12h,-0.05249705121696837,-2.0147730120103127,34,0.05249705121696837
W3,12,mom_z_24h,-0.08420779175259017,-3.7531507692380623,34,0.08420779175259017
W3,12,range_24h,0.010926384955612614,1.0574938364953317,34,0.010926384955612614
W3,12,dist_from_high_24h,0.06246657044165403,2.593854368838248,34,0.06246657044165403
W3,12,btc_ret_1h,-0.018033114424681224,-1.9157535916142787,34,0.018033114424681224
W3,12,btc_ret_4h,-0.030311136109090902,-1.7562048252616491,34,0.030311136109090902
W3,12,btc_ret_12h,-0.0532447343011438,-1.9180923369842118,34,0.0532447343011438
W3,12,btc_ret_24h,-0.10077918364913599,-4.23112432105705,34,0.10077918364913599
W3,12,btc_beta_168h,-0.015554144376012309,-0.9350729582928222,34,0.015554144376012309
W3,12,residual_12h,-0.04212354591462121,-1.8407578909880908,34,0.04212354591462121
W3,12,residual_24h,-0.03826161517176024,-1.4081817762852942,34,0.03826161517176024
W3,12,funding_rate_binance,-0.06033866645814017,-3.2609541406023523,34,0.06033866645814017
W3,12,cum_funding_24h,-0.07060659252107353,-3.7306116414737334,34,0.07060659252107353
W3,12,cum_funding_72h,-0.04245988313610318,-3.057184059379038,34,0.04245988313610318
W3,12,cum_funding_168h,-0.019663606371346037,-1.6846654442958044,34,0.019663606371346037
W3,12,funding_zscore,-0.04782723032663519,-2.542958974284317,34,0.04782723032663519
W3,12,funding_x_mom_12h,-0.011591977241313422,-0.774479483072311,34,0.011591977241313422
W3,12,funding_x_mom_24h,-0.014901182447272154,-0.8215052549078439,34,0.014901182447272154
W3,12,oi_value_usd,-0.016104015437408508,-2.3664240248760677,34,0.016104015437408508
W3,12,taker_buy_sell_ratio,-0.00694558437894889,-1.0630034337974779,34,0.00694558437894889
W3,12,top_ls_ratio,-0.026410263755093033,-3.239104582948931,34,0.026410263755093033
W3,12,global_ls_ratio,0.008629535265311405,0.8505354623334553,34,0.008629535265311405
W3,12,oi_chg_1h,-0.023512050694317613,-3.294840426584716,34,0.023512050694317613
W3,12,oi_chg_4h,-0.04297313186873991,-3.247475740751753,34,0.04297313186873991
W3,12,oi_chg_12h,-0.055448631096139116,-2.7173356157465904,34,0.055448631096139116
W3,12,oi_chg_24h,-0.06771853284450657,-3.769400164486616,34,0.06771853284450657
W3,12,oi_zscore,-0.11794699776739348,-7.124774244320622,34,0.11794699776739348
W3,12,oi_ret_diverge,-0.008937181346051766,-0.6195282883199521,34,0.008937181346051766
W3,12,taker_imbalance,-0.00694558437894889,-1.0630034337974779,34,0.00694558437894889
W3,12,taker_cvd_4h,-0.004718275532872874,-0.40942259179245033,34,0.004718275532872874
W3,12,taker_cvd_12h,-0.004770803424552026,-0.3465313479123679,34,0.004770803424552026
W3,12,taker_cvd_24h,-0.0036418224972484927,-0.27341082968926256,34,0.0036418224972484927
W3,12,taker_zscore,-0.006202065119554706,-0.9107334186665917,34,0.006202065119554706
W3,12,top_ls_ratio_zscore,-0.04822731423237181,-2.8260755781686737,34,0.04822731423237181
W3,12,global_ls_ratio_zscore,-0.009950672204439119,-0.5593740110832165,34,0.009950672204439119
W3,12,ls_divergence,-0.02696346089521429,-3.359821372291396,34,0.02696346089521429
W3,12,premium_index,-0.028568568134405364,-2.4390273384472834,34,0.028568568134405364
W3,12,premium_zscore,-0.030345882702622565,-2.8590916158731288,34,0.030345882702622565
W3,24,ret_1h,-0.02499515131624177,-3.5076522362641156,34,0.02499515131624177
W3,24,ret_4h,-0.04525209623120974,-3.1053351846009347,34,0.04525209623120974
W3,24,ret_12h,-0.07879230131731635,-3.6560478059988823,34,0.07879230131731635
W3,24,ret_24h,-0.10089171416663632,-4.531272969366428,34,0.10089171416663632
W3,24,ret_48h,-0.19342828401022705,-6.0712587895111,34,0.19342828401022705
W3,24,ret_168h,-0.1256818929569801,-3.3481676311835784,34,0.1256818929569801
W3,24,rvol_12h,-0.022689237398203395,-0.763741981740109,34,0.022689237398203395
W3,24,rvol_24h,-0.010743113032915794,-0.3451960298199147,34,0.010743113032915794
W3,24,rvol_168h,-0.013083943391970559,-0.4955914727645621,34,0.013083943391970559
W3,24,vol_ratio_12h,-0.016644138786292395,-0.5999959887308358,34,0.016644138786292395
W3,24,vol_ratio_24h,0.007023862115304504,0.23811575480640193,34,0.007023862115304504
W3,24,mom_z_12h,-0.06207762700873293,-2.909108980980281,34,0.06207762700873293
W3,24,mom_z_24h,-0.08858690329464125,-3.9513422265438765,34,0.08858690329464125
W3,24,range_24h,0.020622746691264827,1.4104641763073265,34,0.020622746691264827
W3,24,dist_from_high_24h,0.07126118458556925,3.262830818512561,34,0.07126118458556925
W3,24,btc_ret_1h,-0.01680041755780615,-2.1040915399762867,34,0.01680041755780615
W3,24,btc_ret_4h,-0.0396424577190372,-2.697507253768424,34,0.0396424577190372
W3,24,btc_ret_12h,-0.08087444571060669,-3.139479077341438,34,0.08087444571060669
W3,24,btc_ret_24h,-0.12097410583851265,-4.3237809483122875,34,0.12097410583851265
W3,24,btc_beta_168h,-0.03725164954652773,-1.5332876278115097,34,0.03725164954652773
W3,24,residual_12h,-0.03238765152251344,-1.2606524496603235,34,0.03238765152251344
W3,24,residual_24h,-0.0367421268873845,-1.1503766040182632,34,0.0367421268873845
W3,24,funding_rate_binance,-0.08777392146213063,-4.127636074839626,34,0.08777392146213063
W3,24,cum_funding_24h,-0.09821366383600394,-4.160564724664839,34,0.09821366383600394
W3,24,cum_funding_72h,-0.051073891396794274,-2.8375021807498158,34,0.051073891396794274
W3,24,cum_funding_168h,-0.025947918112397782,-1.5545002329501516,34,0.025947918112397782
W3,24,funding_zscore,-0.07086129642563264,-3.315357598859511,34,0.07086129642563264
W3,24,funding_x_mom_12h,-0.02379704740084039,-1.4809172823956651,34,0.02379704740084039
W3,24,funding_x_mom_24h,-0.02979965854317852,-1.5157453132033833,34,0.02979965854317852
W3,24,oi_value_usd,-0.012813473329822045,-1.2806153350785379,34,0.012813473329822045
W3,24,taker_buy_sell_ratio,-0.005412813438264425,-0.7577415083040208,34,0.005412813438264425
W3,24,top_ls_ratio,-0.04169061921329292,-3.479793479388278,34,0.04169061921329292
W3,24,global_ls_ratio,0.012592122885940471,0.8083337071196816,34,0.012592122885940471
W3,24,oi_chg_1h,-0.023676897233944325,-3.785013983166612,34,0.023676897233944325
W3,24,oi_chg_4h,-0.045189990379579256,-3.6903138807820053,34,0.045189990379579256
W3,24,oi_chg_12h,-0.06408989013102447,-3.4468230890584888,34,0.06408989013102447
W3,24,oi_chg_24h,-0.0774777083289735,-4.040588801501781,34,0.0774777083289735
W3,24,oi_zscore,-0.14649769073791696,-6.946821661128009,34,0.14649769073791696
W3,24,oi_ret_diverge,-0.011569331809991564,-0.7576402899326737,34,0.011569331809991564
W3,24,taker_imbalance,-0.005412813438264425,-0.7577415083040208,34,0.005412813438264425
W3,24,taker_cvd_4h,-0.002253908413968953,-0.21287283550270644,34,0.002253908413968953
W3,24,taker_cvd_12h,-0.000992243266010445,-0.06596740142412504,34,0.000992243266010445
W3,24,taker_cvd_24h,-0.007836571090899296,-0.41930088466216436,34,0.007836571090899296
W3,24,taker_zscore,-0.004028324931835803,-0.606618644737131,34,0.004028324931835803
W3,24,top_ls_ratio_zscore,-0.060848805768549764,-2.6367352989202644,34,0.060848805768549764
W3,24,global_ls_ratio_zscore,-0.0028165265780763097,-0.11951981562926489,34,0.0028165265780763097
W3,24,ls_divergence,-0.03985559969221622,-3.5001169676523634,34,0.03985559969221622
W3,24,premium_index,-0.041254738102355484,-2.488438086130719,34,0.041254738102355484
W3,24,premium_zscore,-0.045931419868649466,-3.0977562461763823,34,0.045931419868649466
W3,48,ret_1h,-0.03054748998155097,-3.404331312706658,34,0.03054748998155097
W3,48,ret_4h,-0.05547755091664669,-3.5207724456190377,34,0.05547755091664669
W3,48,ret_12h,-0.10659522846675891,-4.807366869006594,34,0.10659522846675891
W3,48,ret_24h,-0.18099635344277204,-5.700992963117607,34,0.18099635344277204
W3,48,ret_48h,-0.25607863002383546,-6.362868240685023,34,0.25607863002383546
W3,48,ret_168h,-0.15008117295008624,-3.2888772714361183,34,0.15008117295008624
W3,48,rvol_12h,0.013613131999169659,0.4572383696817896,34,0.013613131999169659
W3,48,rvol_24h,0.04864427791620578,1.5017513447151671,34,0.04864427791620578
W3,48,rvol_168h,-0.02184813542995857,-0.7056159202089681,34,0.02184813542995857
W3,48,vol_ratio_12h,0.019550463920122024,0.6066321726410981,34,0.019550463920122024
W3,48,vol_ratio_24h,0.056411297856746104,1.4772863639749128,34,0.056411297856746104
W3,48,mom_z_12h,-0.09173454816449379,-4.157889337192004,34,0.09173454816449379
W3,48,mom_z_24h,-0.16695043236174764,-5.26676442004578,34,0.16695043236174764
W3,48,range_24h,0.045065137084056676,2.060400675935175,34,0.045065137084056676
W3,48,dist_from_high_24h,0.1131335860788976,3.9516302048987897,34,0.1131335860788976
W3,48,btc_ret_1h,-0.02475325399844202,-2.9207661463706263,34,0.02475325399844202
W3,48,btc_ret_4h,-0.04850463080873084,-2.94531870783025,34,0.04850463080873084
W3,48,btc_ret_12h,-0.09082123955099894,-3.869218567804288,34,0.09082123955099894
W3,48,btc_ret_24h,-0.17025210139020874,-5.285100403378019,34,0.17025210139020874
W3,48,btc_beta_168h,-0.05545047341196823,-1.712180790303031,34,0.05545047341196823
W3,48,residual_12h,-0.060305226929900965,-2.599255445583145,34,0.060305226929900965
W3,48,residual_24h,-0.08474391592612018,-2.4661490690718133,34,0.08474391592612018
W3,48,funding_rate_binance,-0.11312123577827908,-4.708961387705074,34,0.11312123577827908
W3,48,cum_funding_24h,-0.0971023213686305,-3.468152010142662,34,0.0971023213686305
W3,48,cum_funding_72h,-0.054175235249590954,-2.011766090759356,34,0.054175235249590954
W3,48,cum_funding_168h,-0.02821226258985361,-1.2701934936656758,34,0.02821226258985361
W3,48,funding_zscore,-0.09503233975835147,-3.816175935479687,34,0.09503233975835147
W3,48,funding_x_mom_12h,-0.05363892124715536,-3.7462950723352413,34,0.05363892124715536
W3,48,funding_x_mom_24h,-0.07112014110814842,-3.7741917657600887,34,0.07112014110814842
W3,48,oi_value_usd,-0.0025057118302472844,-0.15362215383380187,34,0.0025057118302472844
W3,48,taker_buy_sell_ratio,-0.014571131206102372,-1.6918409419027487,34,0.014571131206102372
W3,48,top_ls_ratio,-0.05900252593716065,-3.5463092212431175,34,0.05900252593716065
W3,48,global_ls_ratio,0.02701169325125753,1.2263048661872868,34,0.02701169325125753
W3,48,oi_chg_1h,-0.02988684344805829,-4.0116716956764655,34,0.02988684344805829
W3,48,oi_chg_4h,-0.05552979832666073,-4.8356318706667,34,0.05552979832666073
W3,48,oi_chg_12h,-0.09050566707716001,-5.151209157216719,34,0.09050566707716001
W3,48,oi_chg_24h,-0.13488576333072486,-5.262483532677507,34,0.13488576333072486
W3,48,oi_zscore,-0.1914012506576091,-6.64466493909954,34,0.1914012506576091
W3,48,oi_ret_diverge,-0.027714844529380778,-1.7605888878922418,34,0.027714844529380778
W3,48,taker_imbalance,-0.014571131206102372,-1.6918409419027487,34,0.014571131206102372
W3,48,taker_cvd_4h,-0.022276586913948807,-1.581504932291177,34,0.022276586913948807
W3,48,taker_cvd_12h,-0.033372189906593665,-1.629131519215255,34,0.033372189906593665
W3,48,taker_cvd_24h,-0.05489299658094503,-2.1950460032642973,34,0.05489299658094503
W3,48,taker_zscore,-0.010226909423039525,-1.1956194831424227,34,0.010226909423039525
W3,48,top_ls_ratio_zscore,-0.07483718958544594,-2.531318504832195,34,0.07483718958544594
W3,48,global_ls_ratio_zscore,0.00678924532169019,0.25412885425828646,34,0.00678924532169019
W3,48,ls_divergence,-0.06121396375903515,-3.9846035500618484,34,0.06121396375903515
W3,48,premium_index,-0.05836766762227642,-3.103858462893956,34,0.05836766762227642
W3,48,premium_zscore,-0.07232826968173053,-3.7838724275373883,34,0.07232826968173053
