window,feature,mean_ts_ic,pooled_ic,coverage,symbols,rows,score
W1,gtrends,0.03844774789308285,0.003952113857963414,0.5271832591939285,10,369401,0.020269009042941915
W1,reddit_subscribers,0.04172312736183306,0.005278827735726037,0.4093936552653249,17,286865,0.01708118361976153
W1,social_reddit_activity,0.0346069193120754,0.003470880053131439,0.4093936552653249,17,286865,0.014167853194642711
W1,social_dev_activity,0.028952808197836275,0.01603436356546098,0.4093936552653249,17,286865,0.011853095978308057
W1,reddit_active_users,0.028890116795665784,0.0016869512785513882,0.4093936552653249,17,286865,0.01182743051601977
W1,gtrends_chg4w,0.016650836218269644,0.03799921423231684,0.4982624691918305,10,349136,0.008296486768223794
W1,twitter_followers,0.015452456517421543,0.005063545390391317,0.40829761940440157,17,286097,0.006309201210013246
W1,social_activity_z_30d,-0.015595598989780707,0.00024121361498959343,0.40415323380528523,17,283193,0.006303011764850312
W1,gtrends_7d_delta,0.007199363460976454,0.03056356949852198,0.4762347172213207,10,333701,0.0034285868220116306
W1,social_dev_chg30d,0.008586673456405475,0.014103817236501776,0.3919255837318594,17,274625,0.0033653370067165786
W1,reddit_users_chg7d,-0.004891536460456451,-0.002827627833380137,0.4053177719075163,17,284009,0.0019826266593565875
W1,twitter_followers_chg7d,-0.0027455999434813534,-0.005371490067542428,0.40394772708136206,17,283049,0.0011090788566440089
W1,gtrends_z_30d,-0.002182655360375493,0.022755935358164465,0.45799456834311636,10,320920,0.000999644299616963
W1,gtrends_z,0.007710437710437712,-0.01416767177914042,0.02055067239231234,10,14400,0.00015845467938853627
W1,gtrends_30d_delta,-0.0006017892937910645,-0.008906725404534258,0.2397435732767048,10,167990,0.00014427511565313453
W2,reddit_subscribers,0.04918742998543485,0.011820009251962,0.47483245962343545,17,374177,0.023355788362539553
W2,social_reddit_activity,0.04008466359456329,0.007740542782513652,0.47483245962343545,17,374177,0.019033499407784465
W2,gtrends,0.03519379943957172,0.006481379195232942,0.533947785522938,10,420761,0.018791651274897733
W2,reddit_active_users,0.038296290652510515,0.006731992864966999,0.47483245962343545,17,374177,0.018184321884985546
W2,social_dev_activity,0.025711651045076733,0.013850189723405511,0.47483245962343545,17,374177,0.01220872650671326
W2,twitter_followers,0.020991958962953864,0.006155910628260212,0.4738578638332325,17,373409,0.009947204831860196
W2,gtrends_chg4w,0.015299449146630718,0.03874308676794597,0.5082314005119166,10,400496,0.0077756604668529775
W2,social_activity_z_30d,-0.011050714123618183,-0.00018216305040900637,0.47017267350152725,17,370505,0.005195743803602648
W2,social_dev_chg30d,0.008230010252193994,0.009902342074317482,0.45929983921707473,17,361937,0.0037800423855875783
W2,gtrends_7d_delta,0.006158041333192959,0.030349946777034075,0.48864430933771896,10,385061,0.0030090918541311996
W2,twitter_followers_chg7d,0.005530095320576603,0.00841283609476811,0.4699899367908642,17,370361,0.0025990891501652515
W2,reddit_users_chg7d,-0.0017640058047401876,-0.00013773540828378828,0.471208181528618,17,371321,0.0008312139674575502
W2,gtrends_z_30d,-0.001536935666483394,0.024965105647264663,0.47242515726143663,10,372280,0.0007260870739391283
W2,gtrends_z,0.0069941420558902855,0.023663231369346147,0.08344976453613429,10,65760,0.0005836595076963185
W2,gtrends_30d_delta,0.0012585724143201109,0.0008975818227371754,0.2783562325273883,10,219350,0.00035033147561304526
W3,reddit_subscribers,0.04872595949331423,0.009399776306228182,0.5198307859565339,17,448025,0.02532925381989577
W3,social_reddit_activity,0.03993182940503509,0.0053817577879905895,0.5198307859565339,17,448025,0.020757794264301622
W3,reddit_active_users,0.03788265619493797,0.007214168692643003,0.5198307859565339,17,448025,0.019692570943935762
W3,gtrends,0.03352192686627042,0.006110517173397297,0.5385993430540907,10,464201,0.01805488778808052
W3,social_dev_activity,0.02608950753341576,0.015084152797427284,0.5198307859565339,17,448025,0.013562129206314427
W3,twitter_followers,0.02499939002359049,0.009099076289564393,0.5189396971922582,17,447257,0.01297317588883321
W3,gtrends_chg4w,0.0162295829383613,0.03372691901859828,0.5150864344498629,10,443936,0.008359638008328852
W3,twitter_followers_chg7d,0.012317118963113952,0.011164446218080592,0.5154031886590391,17,444209,0.006348282388681648
W3,social_dev_chg30d,0.01216623778075303,0.01160866797174621,0.50562905877589,17,435785,0.006151603357925827
W3,social_activity_z_30d,-0.009815353709939868,-0.0011339023148875611,0.5155702678023407,17,444353,0.005060504540808396
W3,gtrends_7d_delta,0.00650257738114518,0.02688296019775291,0.49717763877721277,10,428501,0.0032329360683238727
W3,reddit_users_chg7d,-0.0023699632259773264,-0.0007829889792711116,0.5165170496143836,17,445169,0.0012241264131763953
W3,gtrends_z,0.003810036572495947,0.013159708976427365,0.12670168367045032,10,109200,0.0004827380485812282
W3,gtrends_z_30d,-0.0005441908399380446,0.02181476296275384,0.48234820453735905,10,415720,0.00026248947456979316
W3,gtrends_30d_delta,-0.0004235808587000116,-0.0011282704888069483,0.30490783380730435,10,262790,0.0001291531220684584
