window,symbol,side,mean_selected_ret,appearances
W1,AAVE/USDT,long,-0.004521286477712605,14
W1,AAVE/USDT,short,-0.010418917960351565,45
W1,ADA/USDT,long,0.0005685351346184304,61
W1,ADA/USDT,short,0.004880096714980277,16
W1,ALGO/USDT,long,-0.0018679883660293977,42
W1,ALGO/USDT,short,0.004545422127768825,19
W1,APT/USDT,long,0.0010961330901907182,9
W1,APT/USDT,short,-0.0010994815757868388,24
W1,ARB/USDT,long,0.0017122502922325494,31
W1,ARB/USDT,short,0.015502895803124484,27
W1,ATOM/USDT,long,-0.0011942299475727167,115
W1,ATOM/USDT,short,0.03200023956505177,4
W1,AVAX/USDT,long,-0.008363849303661634,28
W1,AVAX/USDT,short,-0.007524872075887317,22
W1,AXS/USDT,long,0.002151881312456845,66
W1,AXS/USDT,short,0.011268701641883844,20
W1,BNB/USDT,long,-0.0018227452552564232,99
W1,BNB/USDT,short,-0.00971983990851899,1
W1,BTC/USDT,long,0.002579806451056935,108
W1,BTC/USDT,short,0.03448803823176863,4
W1,CHZ/USDT,long,0.002103750297222339,47
W1,CHZ/USDT,short,0.009014479452829228,15
W1,CRV/USDT,long,0.00817127905197502,12
W1,CRV/USDT,short,-0.0021526603394806977,67
W1,DOGE/USDT,long,-0.0007492383609382955,45
W1,DOGE/USDT,short,-0.004076287808416216,15
W1,DOT/USDT,long,-0.0010545309861242351,81
W1,DOT/USDT,short,-0.012787592113290978,7
W1,EGLD/USDT,long,-0.0018077928059849618,24
W1,EGLD/USDT,short,-0.010338419919284155,12
W1,ETH/USDT,long,0.0016228261660674126,107
W1,ETH/USDT,short,-0.02821195666817372,2
W1,FIL/USDT,long,-0.00835455969219067,18
W1,FIL/USDT,short,0.008111292827912045,21
W1,FLOW/USDT,long,0.0006940490926505582,26
W1,FLOW/USDT,short,0.0047981302792225,21
W1,FTM/USDT,long,0.05179551735313585,10
W1,FTM/USDT,short,0.007656244107061963,48
W1,INJ/USDT,long,0.031702219483684964,7
W1,INJ/USDT,short,0.011729066250440278,73
W1,LDO/USDT,long,-0.015544437852812277,10
W1,LDO/USDT,short,0.0022920633106892807,50
W1,LINK/USDT,long,0.0006166723221531477,35
W1,LINK/USDT,short,-0.0038681009346895334,6
W1,LTC/USDT,long,-0.0021494132040702236,94
W1,LTC/USDT,short,0.008551745195853186,3
W1,MANA/USDT,long,-0.0050673994590135244,46
W1,MANA/USDT,short,0.006120670567559444,11
W1,MATIC/USDT,long,-0.0014326770599553567,89
W1,MATIC/USDT,short,-0.02349939461209738,4
W1,NEAR/USDT,long,0.027192760551693194,11
W1,NEAR/USDT,short,-0.006859412161147859,28
W1,OP/USDT,long,-0.01715762500141176,5
W1,OP/USDT,short,-0.0020161133929605785,35
W1,RUNE/USDT,long,0.007160004573317588,11
W1,RUNE/USDT,short,0.016324804875863082,20
W1,SAND/USDT,long,-0.005732132912619428,39
W1,SAND/USDT,short,-0.0017283939289676692,9
W1,SNX/USDT,long,-0.005415394965989224,23
W1,SNX/USDT,short,-0.008763373805474643,15
W1,SOL/USDT,long,0.006015216156526723,23
W1,SOL/USDT,short,-0.011488940115434162,15
W1,THETA/USDT,short,-0.004628956665748213,23
W1,UNI/USDT,long,-0.001056405092349358,22
W1,UNI/USDT,short,0.002276886272754525,20
W1,XRP/USDT,long,0.0007892363413513244,64
W1,XRP/USDT,short,-0.0019857122177652127,21
W1,XTZ/USDT,long,0.0032886009819815603,36
W1,XTZ/USDT,short,0.007821161899353243,6
W2,AAVE/USDT,long,-0.03601251239547458,5
W2,AAVE/USDT,short,0.000913153274026028,28
W2,ADA/USDT,long,-0.0008796301223021168,31
W2,ADA/USDT,short,-0.006257522721518634,28
W2,ALGO/USDT,long,-0.010755156238438503,9
W2,ALGO/USDT,short,-0.0040509063001222395,64
W2,APT/USDT,long,0.0031394850929833363,52
W2,APT/USDT,short,0.015756363827426834,31
W2,ARB/USDT,long,-0.0046117990831196975,41
W2,ARB/USDT,short,0.004040987410747247,18
W2,ATOM/USDT,long,-0.0038993666908802432,69
W2,ATOM/USDT,short,0.01585386361651466,10
W2,AVAX/USDT,long,6.621274492137309e-05,34
W2,AVAX/USDT,short,0.006162569019493133,25
W2,AXS/USDT,long,-0.006493004846557286,92
W2,AXS/USDT,short,0.009137020023930872,6
W2,BNB/USDT,long,0.0003324284657378736,150
W2,BNB/USDT,short,0.012844065507874425,1
W2,BTC/USDT,long,-7.636759652341455e-05,116
W2,CHZ/USDT,long,-0.00012465198135466944,60
W2,CHZ/USDT,short,0.0070631927738174175,15
W2,CRV/USDT,long,-0.03276085365401266,9
W2,CRV/USDT,short,-0.007649558442502376,63
W2,DOGE/USDT,long,-0.004502879663247261,60
W2,DOGE/USDT,short,0.00723888390705787,19
W2,DOT/USDT,long,-0.0015770581519868986,80
W2,DOT/USDT,short,0.013476639674971444,12
W2,EGLD/USDT,long,-0.005637834611495149,26
W2,EGLD/USDT,short,0.03661273301842402,4
W2,ETH/USDT,long,-0.0020417126811250793,107
W2,ETH/USDT,short,0.013883609077235737,1
W2,FIL/USDT,long,0.005739919523076237,36
W2,FIL/USDT,short,-0.004239231222989364,11
W2,FLOW/USDT,long,-0.0019027750470665004,43
W2,FLOW/USDT,short,-0.00925259952470174,8
W2,FTM/USDT,short,-0.006789854122669428,8
W2,INJ/USDT,long,0.040349174497869365,6
W2,INJ/USDT,short,0.0045262778458791736,45
W2,LDO/USDT,long,0.006257829397791492,10
W2,LDO/USDT,short,0.0017093834807929019,36
W2,LINK/USDT,long,0.012426639458290116,15
W2,LINK/USDT,short,0.0004894910813044162,22
W2,LTC/USDT,long,0.006139819891666249,38
W2,LTC/USDT,short,0.015991414161864247,21
W2,MANA/USDT,long,-0.0063524021908100605,33
W2,MANA/USDT,short,-0.003022226753148466,26
W2,NEAR/USDT,long,0.02085173593295786,8
W2,NEAR/USDT,short,0.003984893195874288,18
W2,OP/USDT,long,-0.0012593934314964496,23
W2,OP/USDT,short,0.00684104245791612,23
W2,RUNE/USDT,long,0.008138264470265616,24
W2,RUNE/USDT,short,-0.001799427560668077,42
W2,SAND/USDT,long,0.006538323951875834,42
W2,SAND/USDT,short,0.009758752663198478,20
W2,SNX/USDT,long,0.00398500793854023,4
W2,SNX/USDT,short,-0.0026029450701197682,31
W2,SOL/USDT,long,-0.0020531179910605363,84
W2,SOL/USDT,short,0.0020516990138636196,18
W2,THETA/USDT,long,-0.012005297626329292,7
W2,THETA/USDT,short,0.02167834868294216,13
W2,UNI/USDT,long,-0.005992648805744284,17
W2,UNI/USDT,short,0.015022004307068215,10
W2,XRP/USDT,long,0.001706127770238835,55
W2,XRP/USDT,short,-0.0022017281062744302,32
W2,XTZ/USDT,long,0.0017464131250216064,48
W2,XTZ/USDT,short,0.0060291809967931015,8
W3,AAVE/USDT,long,-0.0033462784694326246,55
W3,AAVE/USDT,short,-0.012653683005948185,12
W3,ADA/USDT,long,0.0002770383092520883,35
W3,ADA/USDT,short,0.0012698354235722278,27
W3,ALGO/USDT,long,-0.018434864446924788,6
W3,ALGO/USDT,short,-0.0027106432256371557,24
W3,APT/USDT,long,-0.0017844164031759662,61
W3,APT/USDT,short,0.002861338867805102,33
W3,ARB/USDT,long,0.02267408856735702,5
W3,ARB/USDT,short,-0.009843442798861714,58
W3,ATOM/USDT,long,0.0013636409211350614,136
W3,ATOM/USDT,short,-0.06493144993102007,2
W3,AVAX/USDT,long,0.0042686061469681845,37
W3,AVAX/USDT,short,-0.0029766715242602227,44
W3,AXS/USDT,long,0.0021122655108545218,40
W3,AXS/USDT,short,0.01031811533653567,16
W3,BNB/USDT,long,0.005204599132256467,143
W3,BNB/USDT,short,0.005239781138680876,14
W3,BTC/USDT,long,0.0014940888770448798,141
W3,BTC/USDT,short,-0.00021956486241225814,3
W3,CHZ/USDT,long,-0.002016278800761876,70
W3,CHZ/USDT,short,-0.0067924528228302345,12
W3,CRV/USDT,long,-0.0028571672391468628,10
W3,CRV/USDT,short,-0.0057021201260417514,56
W3,DOGE/USDT,long,-0.0004881127337672764,20
W3,DOGE/USDT,short,-0.001792545638681178,31
W3,DOT/USDT,long,-0.00035687487433743456,54
W3,DOT/USDT,short,-0.0014102599516137905,10
W3,EGLD/USDT,long,0.002812948835503659,31
W3,EGLD/USDT,short,0.0009508950734028874,19
W3,ETH/USDT,long,-0.00026149673645942334,129
W3,ETH/USDT,short,-0.008711590176328646,3
W3,FIL/USDT,long,-0.001409785595851614,29
W3,FIL/USDT,short,0.009299470106975294,9
W3,FLOW/USDT,long,0.0029989585850375335,29
W3,FLOW/USDT,short,0.006527409182389832,29
W3,INJ/USDT,long,-0.016674763255887473,9
W3,INJ/USDT,short,0.003788220348684743,25
W3,LDO/USDT,long,0.006126446271378766,11
W3,LDO/USDT,short,-0.004882464663548091,37
W3,LINK/USDT,long,0.011678720506557203,19
W3,LINK/USDT,short,0.0019410191132246994,30
W3,LTC/USDT,long,0.0017244548103267808,79
W3,LTC/USDT,short,0.014780229182106398,11
W3,MANA/USDT,long,-0.00738230282011566,11
W3,MANA/USDT,short,-0.007915336637115682,27
W3,NEAR/USDT,long,-0.00704986976033544,7
W3,NEAR/USDT,short,0.011390411997343707,20
W3,OP/USDT,long,0.007481617788218276,5
W3,OP/USDT,short,0.003009926625643102,34
W3,RUNE/USDT,long,-0.00816921089246967,27
W3,RUNE/USDT,short,0.007022681385641295,7
W3,SAND/USDT,long,-0.010238140393668221,22
W3,SAND/USDT,short,-0.00458263310356069,12
W3,SNX/USDT,long,-0.007558374288048158,13
W3,SNX/USDT,short,-0.006425759199020735,45
W3,SOL/USDT,long,0.00408129938259273,74
W3,SOL/USDT,short,-0.005267006828290399,13
W3,THETA/USDT,long,-0.004040588921674093,5
W3,THETA/USDT,short,0.010885001549223679,15
W3,UNI/USDT,long,0.0027103640294828296,15
W3,UNI/USDT,short,0.00045041429827853317,11
W3,XRP/USDT,long,-0.002287820902241759,92
W3,XRP/USDT,short,0.002733169364289742,21
W3,XTZ/USDT,long,-0.0026075491920836157,50
W3,XTZ/USDT,short,-0.006546439526643755,25
