regime,bin,feature,pooled_ic,mean_ts_ic,rows
breadth_12h,high,iv_rv_spread,-0.00389700830151339,0.03718050552408847,26334
breadth_12h,high,oi_chg_24h,0.015121063338304637,0.007035330946448834,26334
breadth_12h,high,mom_z_24h,0.014182967416560003,0.006253986631678509,26334
breadth_12h,high,dist_from_high_24h,-0.002374671619348209,0.005180777633441202,26334
breadth_12h,high,oi_zscore,0.010676079667287352,0.002270668258713929,26334
breadth_12h,high,oi_chg_12h,0.01288265875002858,0.0022174158353995025,26334
breadth_12h,high,ret_24h,0.016562080497873274,0.0021224956792089984,26334
breadth_12h,high,residual_24h,0.01077634210138948,-0.0006842764082701212,26334
breadth_12h,high,rel_volume_cs,0.005567900930993614,-0.0013915041988873799,26334
breadth_12h,high,ls_divergence,-0.008022221519272957,-0.013629233447048509,26334
breadth_12h,high,ret_skew_168h,-0.0038074412719893247,-0.02080777438843332,26334
breadth_12h,high,ret_12h,0.012163179116094975,-0.021361327450564713,26334
breadth_12h,high,gk_vol_24h,0.011263047929682355,-0.02152502489223447,26334
breadth_12h,high,taker_cvd_12h,-0.005999627264846864,-0.021764106495155165,26334
breadth_12h,high,cum_funding_24h,-0.012028856654326297,-0.022833822321136392,26334
breadth_12h,high,taker_cvd_24h,-0.0066912003874087375,-0.02418700925676226,26334
breadth_12h,high,ret_168h,-0.004593949375486614,-0.025107660286506253,26334
breadth_12h,high,residual_12h,0.005146544221399949,-0.026212244137026733,26334
breadth_12h,high,atr_14,0.00950799826992816,-0.02853792886118989,26334
breadth_12h,high,rvol_24h,0.00389700830151339,-0.03718050552408847,26334
breadth_12h,high,rvol_12h,0.0002110815144985239,-0.048241285375409386,26334
breadth_12h,high,ret_48h,-0.011599390888665004,-0.048366697775217626,26334
breadth_12h,high,pct_coins_up_12h,,,26334
breadth_12h,high,pct_coins_up_1h,,,26334
breadth_12h,high,hour_sin,,,26334
breadth_12h,high,hour_cos,,,26334
breadth_12h,high,dow_sin,,,26334
breadth_12h,high,dow_cos,,,26334
breadth_12h,low,iv_rv_spread,0.018708484778268506,0.05202086154192974,29898
breadth_12h,low,dist_from_high_24h,0.014802963566603546,0.045313669873756436,29898
breadth_12h,low,ls_divergence,0.011039834803520387,0.00978774546849364,29898
breadth_12h,low,taker_cvd_24h,-0.00522787986007667,-0.009085675067487616,29898
breadth_12h,low,taker_cvd_12h,-0.007518651361049749,-0.01831574632571243,29898
breadth_12h,low,oi_chg_12h,-0.0140945536174597,-0.019076402194785395,29898
breadth_12h,low,oi_chg_24h,-0.01134837065836252,-0.020652619261147642,29898
breadth_12h,low,cum_funding_24h,-0.014975435223483168,-0.030092399440030105,29898
breadth_12h,low,ret_skew_168h,-0.012638021057465388,-0.03746442620866602,29898
breadth_12h,low,oi_zscore,-0.01729947165258063,-0.03795771862669105,29898
breadth_12h,low,rel_volume_cs,-0.018984572017368025,-0.040898874263819496,29898
breadth_12h,low,ret_12h,-0.01500137859257936,-0.04214170170664642,29898
breadth_12h,low,ret_24h,-0.013751105267588014,-0.04655785306652033,29898
breadth_12h,low,gk_vol_24h,-0.017763837254806732,-0.04999215104550729,29898
breadth_12h,low,residual_12h,-0.01856792912138558,-0.050878668674077046,29898
breadth_12h,low,rvol_12h,-0.017737943602535784,-0.051314129208968134,29898
breadth_12h,low,rvol_24h,-0.018708484778268506,-0.05202086154192974,29898
breadth_12h,low,residual_24h,-0.016514439076910636,-0.05432785808750806,29898
breadth_12h,low,atr_14,-0.019648404108005453,-0.05448448895241448,29898
breadth_12h,low,mom_z_24h,-0.019234945616438303,-0.06088800224326061,29898
breadth_12h,low,ret_168h,-0.016668235412806157,-0.0647199627912914,29898
breadth_12h,low,ret_48h,-0.02438118118958081,-0.07466802712290359,29898
breadth_12h,low,pct_coins_up_12h,,,29898
breadth_12h,low,pct_coins_up_1h,,,29898
breadth_12h,low,hour_sin,,,29898
breadth_12h,low,hour_cos,,,29898
breadth_12h,low,dow_sin,,,29898
breadth_12h,low,dow_cos,,,29898
breadth_12h,mid,dist_from_high_24h,0.02869356320222545,0.0815141889985196,29337
breadth_12h,mid,iv_rv_spread,0.018410737195991442,0.05568732230733671,29337
breadth_12h,mid,ls_divergence,0.0011607474588758667,0.00269542546994724,29337
breadth_12h,mid,oi_chg_24h,-0.0005202046310539584,-0.007010344847077469,29337
breadth_12h,mid,taker_cvd_12h,-0.0052598654601231885,-0.01990887312959512,29337
breadth_12h,mid,cum_funding_24h,-0.004949513545613593,-0.020239087028786816,29337
breadth_12h,mid,oi_zscore,-0.0032315382039237663,-0.021533206808376587,29337
breadth_12h,mid,ret_skew_168h,-0.011722762641841415,-0.022852206654044374,29337
breadth_12h,mid,taker_cvd_24h,-0.007274471349852277,-0.024797316347950033,29337
breadth_12h,mid,oi_chg_12h,-0.014104948964153914,-0.02948273875579616,29337
breadth_12h,mid,rel_volume_cs,-0.013674868491412445,-0.03117385630790033,29337
breadth_12h,mid,gk_vol_24h,-0.017110206671405177,-0.04799391320022728,29337
breadth_12h,mid,ret_168h,-0.012234072933466953,-0.05177520828422655,29337
breadth_12h,mid,atr_14,-0.018779652625309198,-0.05337783512208697,29337
breadth_12h,mid,rvol_24h,-0.018410737195991442,-0.05568732230733671,29337
breadth_12h,mid,residual_24h,-0.020681034310012947,-0.06659097043401112,29337
breadth_12h,mid,ret_24h,-0.021271259835408524,-0.06706565869996506,29337
breadth_12h,mid,mom_z_24h,-0.019818221221619907,-0.06860891232082311,29337
breadth_12h,mid,rvol_12h,-0.021620689430263705,-0.06956453713791563,29337
breadth_12h,mid,residual_12h,-0.03385262103572271,-0.09352892498889787,29337
breadth_12h,mid,ret_12h,-0.03522184754727863,-0.09529250968120645,29337
breadth_12h,mid,ret_48h,-0.03349454111302742,-0.09593538028248383,29337
breadth_12h,mid,pct_coins_up_12h,,,29337
breadth_12h,mid,pct_coins_up_1h,,,29337
breadth_12h,mid,hour_sin,,,29337
breadth_12h,mid,hour_cos,,,29337
breadth_12h,mid,dow_sin,,,29337
breadth_12h,mid,dow_cos,,,29337
btc_rvol_24h,high,iv_rv_spread,0.013289598109676278,0.050512817126431436,28512
btc_rvol_24h,high,dist_from_high_24h,0.008345771408601033,0.028324972089764172,28512
btc_rvol_24h,high,ret_24h,0.004359673735377617,-0.007135532189043203,28512
btc_rvol_24h,high,oi_chg_24h,0.004138312496475438,-0.008289097845071173,28512
btc_rvol_24h,high,residual_24h,0.0029668261017577052,-0.009392214875129945,28512
btc_rvol_24h,high,oi_chg_12h,-0.0030248574388801043,-0.01252809132368892,28512
btc_rvol_24h,high,ret_48h,-0.002089761555331317,-0.016705303687951645,28512
btc_rvol_24h,high,ls_divergence,-0.00606611044390084,-0.022065962241559538,28512
btc_rvol_24h,high,mom_z_24h,-0.0016695286106244256,-0.024577102087801082,28512
btc_rvol_24h,high,ret_skew_168h,-0.012893557666423012,-0.028834174668715327,28512
btc_rvol_24h,high,residual_12h,-0.006608184392691044,-0.032470000143452145,28512
btc_rvol_24h,high,taker_cvd_24h,-0.011052218582491821,-0.035219406756603885,28512
btc_rvol_24h,high,rel_volume_cs,-0.015714911451471678,-0.03554549242815616,28512
btc_rvol_24h,high,taker_cvd_12h,-0.013064110514293552,-0.035589684412058814,28512
btc_rvol_24h,high,ret_12h,-0.0063744925744123136,-0.037532311909903714,28512
btc_rvol_24h,high,oi_zscore,-0.00834637168932963,-0.0378296278784567,28512
btc_rvol_24h,high,cum_funding_24h,-0.014182758605751225,-0.04383569387735814,28512
btc_rvol_24h,high,gk_vol_24h,-0.011788018136810604,-0.04978431149329837,28512
btc_rvol_24h,high,rvol_24h,-0.013289598109676278,-0.050512817126431436,28512
btc_rvol_24h,high,ret_168h,-0.012416814216042463,-0.05230306119104316,28512
btc_rvol_24h,high,atr_14,-0.012883456938799278,-0.055149090334908064,28512
btc_rvol_24h,high,rvol_12h,-0.015159056826308272,-0.059477015173028704,28512
btc_rvol_24h,high,pct_coins_up_12h,,,28512
btc_rvol_24h,high,pct_coins_up_1h,,,28512
btc_rvol_24h,high,hour_sin,,,28512
btc_rvol_24h,high,hour_cos,,,28512
btc_rvol_24h,high,dow_sin,,,28512
btc_rvol_24h,high,dow_cos,,,28512
btc_rvol_24h,low,dist_from_high_24h,0.027057035172384794,0.07738780724657546,28545
btc_rvol_24h,low,gk_vol_24h,0.019971309207132304,0.015400616139471765,28545
btc_rvol_24h,low,atr_14,0.01958818605044794,0.013523674722610656,28545
btc_rvol_24h,low,ls_divergence,-0.0015995731957295348,0.005142972490577612,28545
btc_rvol_24h,low,iv_rv_spread,-0.01464187974599576,0.004160176487918127,28545
btc_rvol_24h,low,rel_volume_cs,0.004965525695717796,-0.0006242894055920529,28545
btc_rvol_24h,low,taker_cvd_24h,0.0019275768920570017,-0.002896830685100537,28545
btc_rvol_24h,low,rvol_24h,0.01464187974599576,-0.004160176487918127,28545
btc_rvol_24h,low,cum_funding_24h,-0.008565185250213065,-0.005797677831077445,28545
btc_rvol_24h,low,oi_zscore,0.0011837869858595683,-0.005883219424975578,28545
btc_rvol_24h,low,taker_cvd_12h,0.0009838010178122465,-0.008634553058806324,28545
btc_rvol_24h,low,ret_skew_168h,-0.0015146783236173744,-0.00995672654760955,28545
btc_rvol_24h,low,rvol_12h,0.010846419214092136,-0.01030444423865689,28545
btc_rvol_24h,low,oi_chg_24h,-0.00785922972198453,-0.013158185376533434,28545
btc_rvol_24h,low,oi_chg_12h,-0.010320058773309044,-0.0224406536271817,28545
btc_rvol_24h,low,ret_168h,-0.009171388457889446,-0.03665808316133863,28545
btc_rvol_24h,low,mom_z_24h,-0.024134989475339028,-0.07224335516783446,28545
btc_rvol_24h,low,ret_24h,-0.02749137283728808,-0.07959197666359574,28545
btc_rvol_24h,low,residual_24h,-0.028832782231134856,-0.08119393029096378,28545
btc_rvol_24h,low,ret_12h,-0.027355962306936946,-0.08873569973809774,28545
btc_rvol_24h,low,residual_12h,-0.027994554953177805,-0.08941202831756294,28545
btc_rvol_24h,low,ret_48h,-0.03864632273062158,-0.11392340838366315,28545
btc_rvol_24h,low,pct_coins_up_12h,,,28545
btc_rvol_24h,low,pct_coins_up_1h,,,28545
btc_rvol_24h,low,hour_sin,,,28545
btc_rvol_24h,low,hour_cos,,,28545
btc_rvol_24h,low,dow_sin,,,28545
btc_rvol_24h,low,dow_cos,,,28545
btc_rvol_24h,mid,iv_rv_spread,0.03918832564945031,0.09151081809855015,28512
btc_rvol_24h,mid,dist_from_high_24h,0.008037637528961238,0.030371910096006153,28512
btc_rvol_24h,mid,ls_divergence,0.01118455687593727,0.017365882544966935,28512
btc_rvol_24h,mid,oi_chg_24h,0.0025477664145934584,-0.0009200216911784358,28512
btc_rvol_24h,mid,oi_chg_12h,-0.007564218907854575,-0.0132704634587755,28512
btc_rvol_24h,mid,taker_cvd_12h,-0.005527480255962831,-0.015558374581658643,28512
btc_rvol_24h,mid,oi_zscore,-0.004658253755131062,-0.01614228862081563,28512
btc_rvol_24h,mid,taker_cvd_24h,-0.00866790565259092,-0.019261971355381848,28512
btc_rvol_24h,mid,cum_funding_24h,-0.013175770045503233,-0.023829423193988626,28512
btc_rvol_24h,mid,ret_24h,-0.0028957074865410067,-0.02904730820044432,28512
btc_rvol_24h,mid,mom_z_24h,-0.0032641970452854914,-0.03176163579802022,28512
btc_rvol_24h,mid,residual_24h,-0.00581142123374806,-0.03543847379990949,28512
btc_rvol_24h,mid,ret_12h,-0.01295188172665212,-0.0355989171235573,28512
btc_rvol_24h,mid,rel_volume_cs,-0.020572267124893264,-0.04007759594640269,28512
btc_rvol_24h,mid,ret_skew_168h,-0.013815263022494247,-0.04321491949654438,28512
btc_rvol_24h,mid,residual_12h,-0.018229522019549162,-0.05181154437101475,28512
btc_rvol_24h,mid,ret_168h,-0.01407961594054401,-0.05532554694282427,28512
btc_rvol_24h,mid,gk_vol_24h,-0.03791530026838788,-0.08731983261188431,28512
btc_rvol_24h,mid,ret_48h,-0.03398091917703759,-0.09092046276718008,28512
btc_rvol_24h,mid,rvol_24h,-0.03918832564945031,-0.09151081809855015,28512
btc_rvol_24h,mid,atr_14,-0.041859159260922665,-0.09680355813813658,28512
btc_rvol_24h,mid,rvol_12h,-0.03946826155569533,-0.10014876728307154,28512
btc_rvol_24h,mid,pct_coins_up_12h,,,28512
btc_rvol_24h,mid,pct_coins_up_1h,,,28512
btc_rvol_24h,mid,hour_sin,,,28512
btc_rvol_24h,mid,hour_cos,,,28512
btc_rvol_24h,mid,dow_sin,,,28512
btc_rvol_24h,mid,dow_cos,,,28512
dispersion_12h,high,iv_rv_spread,0.027656037739800788,0.0833165881029722,28512
dispersion_12h,high,dist_from_high_24h,0.00804099948621794,0.03131259048160921,28512
dispersion_12h,high,ls_divergence,-0.0067204859880089386,-0.011071897309097908,28512
dispersion_12h,high,mom_z_24h,0.005751923198628728,-0.013770509654152776,28512
dispersion_12h,high,oi_chg_24h,-0.00025541907994824686,-0.014208275557927705,28512
dispersion_12h,high,residual_24h,0.0015611689835113628,-0.02037854971047775,28512
dispersion_12h,high,ret_24h,0.0024770596581351898,-0.021731135349775044,28512
dispersion_12h,high,rel_volume_cs,-0.014856233200708403,-0.026603945909772667,28512
dispersion_12h,high,oi_chg_12h,-0.009806206568227204,-0.026866104957117307,28512
dispersion_12h,high,ret_168h,-0.01200483123596354,-0.02994749381051966,28512
dispersion_12h,high,oi_zscore,-0.010536621195060745,-0.03635301224746109,28512
dispersion_12h,high,ret_skew_168h,-0.019994795391842117,-0.037939746653612515,28512
dispersion_12h,high,cum_funding_24h,-0.015860188738342103,-0.03849322718288125,28512
dispersion_12h,high,ret_12h,-0.007836239039406657,-0.03875492400639366,28512
dispersion_12h,high,residual_12h,-0.009334690944789125,-0.039824143439854714,28512
dispersion_12h,high,taker_cvd_24h,-0.012582468493201328,-0.04529366736329259,28512
dispersion_12h,high,taker_cvd_12h,-0.013285142720517038,-0.04767040229352651,28512
dispersion_12h,high,ret_48h,-0.018413429172863805,-0.06313139191603953,28512
dispersion_12h,high,gk_vol_24h,-0.025235169726410156,-0.07478797994751225,28512
dispersion_12h,high,atr_14,-0.027842737528600302,-0.08233632861605716,28512
dispersion_12h,high,rvol_24h,-0.027656037739800788,-0.0833165881029722,28512
dispersion_12h,high,rvol_12h,-0.027221527202384996,-0.08483137470292731,28512
dispersion_12h,high,pct_coins_up_12h,,,28512
dispersion_12h,high,pct_coins_up_1h,,,28512
dispersion_12h,high,hour_sin,,,28512
dispersion_12h,high,hour_cos,,,28512
dispersion_12h,high,dow_sin,,,28512
dispersion_12h,high,dow_cos,,,28512
dispersion_12h,low,dist_from_high_24h,0.02307297118649623,0.05555004114866884,28545
dispersion_12h,low,gk_vol_24h,0.027339129294887517,0.03386309551196067,28545
dispersion_12h,low,atr_14,0.027384053717046813,0.0326899469146687,28545
dispersion_12h,low,rvol_24h,0.024230406653517077,0.02438829303050852,28545
dispersion_12h,low,ls_divergence,0.01425980758671885,0.022355413482669145,28545
dispersion_12h,low,cum_funding_24h,0.011931678173749408,0.018309350713503272,28545
dispersion_12h,low,rel_volume_cs,0.012384123664579446,0.01266584671541465,28545
dispersion_12h,low,rvol_12h,0.018848408595446776,0.009113387131287643,28545
dispersion_12h,low,taker_cvd_24h,-0.0003491894011674018,-0.0009030618757269449,28545
dispersion_12h,low,ret_skew_168h,0.006941078612999079,-0.0019889543841271,28545
dispersion_12h,low,taker_cvd_12h,-0.000497436020577061,-0.004340686950740272,28545
dispersion_12h,low,oi_chg_24h,-0.0053573599026129765,-0.004498077604183162,28545
dispersion_12h,low,oi_zscore,-0.0005202906919230416,-0.006233225305785569,28545
dispersion_12h,low,oi_chg_12h,-0.010828727280171325,-0.01948364115260448,28545
dispersion_12h,low,iv_rv_spread,-0.024230406653517077,-0.02438829303050852,28545
dispersion_12h,low,ret_24h,-0.01878308511624432,-0.042086861239473486,28545
dispersion_12h,low,residual_24h,-0.020131498276971405,-0.046656571369448285,28545
dispersion_12h,low,mom_z_24h,-0.02214088697901409,-0.055931698339757877,28545
dispersion_12h,low,ret_168h,-0.017008150133323675,-0.06599462362875368,28545
dispersion_12h,low,ret_12h,-0.027527313918973312,-0.07354609274947885,28545
dispersion_12h,low,residual_12h,-0.029415027335355018,-0.07703701475613405,28545
dispersion_12h,low,ret_48h,-0.030875681919923757,-0.0781020472522595,28545
dispersion_12h,low,pct_coins_up_12h,,,28545
dispersion_12h,low,pct_coins_up_1h,,,28545
dispersion_12h,low,hour_sin,,,28545
dispersion_12h,low,hour_cos,,,28545
dispersion_12h,low,dow_sin,,,28545
dispersion_12h,low,dow_cos,,,28545
dispersion_12h,mid,iv_rv_spread,0.03283572320922815,0.0872885588505268,28512
dispersion_12h,mid,dist_from_high_24h,0.015115965637212882,0.049247332994310694,28512
dispersion_12h,mid,oi_chg_12h,-0.001741704390427512,-0.0019252153874316795,28512
dispersion_12h,mid,oi_chg_24h,0.002462112051075405,-0.0036810215253473863,28512
dispersion_12h,mid,taker_cvd_12h,-0.005127707749382504,-0.007776492560696891,28512
dispersion_12h,mid,ls_divergence,-0.0009223881490306244,-0.010860545186290042,28512
dispersion_12h,mid,taker_cvd_24h,-0.006623644096155737,-0.011183787160855371,28512
dispersion_12h,mid,oi_zscore,-0.0028517851458486035,-0.01726849327160216,28512
dispersion_12h,mid,ret_skew_168h,-0.015320590745280728,-0.04208634163365219,28512
dispersion_12h,mid,ret_168h,-0.008260050733036444,-0.04831061952668804,28512
dispersion_12h,mid,ret_12h,-0.01472246340912666,-0.049583492579330465,28512
dispersion_12h,mid,ret_24h,-0.013454334454369467,-0.052000229162242326,28512
dispersion_12h,mid,cum_funding_24h,-0.024859026745551894,-0.053306820086454314,28512
dispersion_12h,mid,residual_12h,-0.01743975594166821,-0.05684673756840383,28512
dispersion_12h,mid,mom_z_24h,-0.015407410440012467,-0.05889876429218502,28512
dispersion_12h,mid,residual_24h,-0.016683480584736073,-0.059029471681125226,28512
dispersion_12h,mid,rel_volume_cs,-0.028283926110454174,-0.0623246606877848,28512
dispersion_12h,mid,ret_48h,-0.027399646038598745,-0.08035719557921274,28512
dispersion_12h,mid,gk_vol_24h,-0.02947773700179752,-0.08080001214054416,28512
dispersion_12h,mid,rvol_24h,-0.03283572320922815,-0.0872885588505268,28512
dispersion_12h,mid,atr_14,-0.03225405209389334,-0.08880477523445299,28512
dispersion_12h,mid,rvol_12h,-0.03427176294011702,-0.09423471346498083,28512
dispersion_12h,mid,pct_coins_up_12h,,,28512
dispersion_12h,mid,pct_coins_up_1h,,,28512
dispersion_12h,mid,hour_sin,,,28512
dispersion_12h,mid,hour_cos,,,28512
dispersion_12h,mid,dow_sin,,,28512
dispersion_12h,mid,dow_cos,,,28512
market_funding_24h,high,iv_rv_spread,0.014017181176875079,0.05390957502531751,28512
market_funding_24h,high,oi_chg_24h,0.016701149204894038,0.025997037083249085,28512
market_funding_24h,high,residual_24h,0.019922280568412092,0.024283266224234917,28512
market_funding_24h,high,ret_24h,0.0184951834944031,0.0200584760839422,28512
market_funding_24h,high,mom_z_24h,0.019117261351200187,0.016806842682988574,28512
market_funding_24h,high,dist_from_high_24h,-0.0007346783773269034,0.013608375231309693,28512
market_funding_24h,high,oi_chg_12h,0.005352470025346368,0.012035819734537828,28512
market_funding_24h,high,ls_divergence,0.0021227197152041315,0.0035043218177128344,28512
market_funding_24h,high,oi_zscore,0.008952031512733038,0.0019585370900130216,28512
market_funding_24h,high,ret_12h,0.0037937934107325918,-0.006007219657862815,28512
market_funding_24h,high,ret_168h,0.004933248442879291,-0.011307251702587846,28512
market_funding_24h,high,ret_skew_168h,-0.005203885472513302,-0.013036090831431021,28512
market_funding_24h,high,residual_12h,0.0021423246269431607,-0.013541005527603301,28512
market_funding_24h,high,ret_48h,0.0018937182927810203,-0.014864898158480909,28512
market_funding_24h,high,rel_volume_cs,-0.016133706110515397,-0.031753079087845804,28512
market_funding_24h,high,gk_vol_24h,-0.01317487526201878,-0.047482543719063276,28512
market_funding_24h,high,taker_cvd_24h,-0.017320050972485415,-0.05215229765974718,28512
market_funding_24h,high,rvol_24h,-0.014017181176875079,-0.05390957502531751,28512
market_funding_24h,high,cum_funding_24h,-0.02717863131741453,-0.05419787311496832,28512
market_funding_24h,high,taker_cvd_12h,-0.019662565833755884,-0.05777386285013331,28512
market_funding_24h,high,rvol_12h,-0.017635436621482002,-0.061826816318459286,28512
market_funding_24h,high,atr_14,-0.01941554900280866,-0.06302790686380727,28512
market_funding_24h,high,pct_coins_up_12h,,,28512
market_funding_24h,high,pct_coins_up_1h,,,28512
market_funding_24h,high,hour_sin,,,28512
market_funding_24h,high,hour_cos,,,28512
market_funding_24h,high,dow_sin,,,28512
market_funding_24h,high,dow_cos,,,28512
market_funding_24h,low,dist_from_high_24h,0.037049408387105597,0.08534329648207764,28545
market_funding_24h,low,iv_rv_spread,0.0051814293331790525,0.026803585541182947,28545
market_funding_24h,low,taker_cvd_24h,-0.0018721752843757755,0.0007414402486310525,28545
market_funding_24h,low,taker_cvd_12h,-0.0024244937656242318,-0.0011153327913060267,28545
market_funding_24h,low,cum_funding_24h,0.0004491264771707415,-0.004415207299111966,28545
market_funding_24h,low,atr_14,0.002244564546920542,-0.01449956299616416,28545
market_funding_24h,low,gk_vol_24h,0.0005520633150634246,-0.01545531697565159,28545
market_funding_24h,low,ls_divergence,0.001514478057674691,-0.01635949610897269,28545
market_funding_24h,low,rel_volume_cs,-0.005128626006337893,-0.018690051440004577,28545
market_funding_24h,low,ret_skew_168h,-0.00899290646799456,-0.024692637039670444,28545
market_funding_24h,low,rvol_24h,-0.0051814293331790525,-0.026803585541182947,28545
market_funding_24h,low,rvol_12h,-0.005178110163591077,-0.03154674702795698,28545
market_funding_24h,low,oi_chg_24h,-0.018081664338618485,-0.03606142399543537,28545
market_funding_24h,low,oi_chg_12h,-0.017435517031850367,-0.039015030487686,28545
market_funding_24h,low,oi_zscore,-0.017651423119946028,-0.044321774291526575,28545
market_funding_24h,low,ret_168h,-0.03070788899018898,-0.07928723016407167,28545
market_funding_24h,low,mom_z_24h,-0.0351229172117106,-0.08600185540050043,28545
market_funding_24h,low,ret_24h,-0.03562422910458159,-0.08952031585853602,28545
market_funding_24h,low,residual_24h,-0.03888481601365542,-0.09085689358930482,28545
market_funding_24h,low,ret_48h,-0.04066830098892862,-0.1027855997947679,28545
market_funding_24h,low,residual_12h,-0.04361468938011784,-0.1069149550234801,28545
market_funding_24h,low,ret_12h,-0.042516052755697226,-0.11518518508101389,28545
market_funding_24h,low,pct_coins_up_12h,,,28545
market_funding_24h,low,pct_coins_up_1h,,,28545
market_funding_24h,low,hour_sin,,,28545
market_funding_24h,low,hour_cos,,,28545
market_funding_24h,low,dow_sin,,,28545
market_funding_24h,low,dow_cos,,,28545
market_funding_24h,mid,iv_rv_spread,0.020292236664899613,0.06544444349703206,28512
market_funding_24h,mid,dist_from_high_24h,0.010203799646184158,0.03712380997678775,28512
market_funding_24h,mid,ls_divergence,0.004360949288135099,0.01332295420167952,28512
market_funding_24h,mid,taker_cvd_12h,0.0033446423311762675,-0.0009021192123199698,28512
market_funding_24h,mid,taker_cvd_24h,0.00016265347119820227,-0.005971562347699006,28512
market_funding_24h,mid,oi_chg_24h,-0.001479984541268227,-0.012205572592817075,28512
market_funding_24h,mid,cum_funding_24h,-0.0042659041962692604,-0.01485131456997816,28512
market_funding_24h,mid,oi_zscore,-0.005619167795243348,-0.01744740965460176,28512
market_funding_24h,mid,oi_chg_12h,-0.009408703323824381,-0.02118309421771087,28512
market_funding_24h,mid,rel_volume_cs,-0.009834939005965337,-0.025783337805501443,28512
market_funding_24h,mid,ret_12h,-0.011602674987870472,-0.04064391120242404,28512
market_funding_24h,mid,ret_skew_168h,-0.01441971224445193,-0.0442600373898094,28512
market_funding_24h,mid,ret_24h,-0.012585178980204052,-0.046301486145162,28512
market_funding_24h,mid,residual_12h,-0.01564278641201591,-0.05321735426392569,28512
market_funding_24h,mid,ret_168h,-0.014547312520038448,-0.05364287013803414,28512
market_funding_24h,mid,gk_vol_24h,-0.01697760585392247,-0.05872995438544616,28512
market_funding_24h,mid,mom_z_24h,-0.01643009146153022,-0.0593711561460598,28512
market_funding_24h,mid,residual_24h,-0.017244303244730214,-0.05943980761563433,28512
market_funding_24h,mid,atr_14,-0.017489914210819003,-0.0608690695875473,28512
market_funding_24h,mid,rvol_24h,-0.020292236664899613,-0.06544444349703206,28512
market_funding_24h,mid,rvol_12h,-0.022067387071610208,-0.07653207734974216,28512
market_funding_24h,mid,ret_48h,-0.04096398659662195,-0.10391156786770915,28512
market_funding_24h,mid,pct_coins_up_12h,,,28512
market_funding_24h,mid,pct_coins_up_1h,,,28512
market_funding_24h,mid,hour_sin,,,28512
market_funding_24h,mid,hour_cos,,,28512
market_funding_24h,mid,dow_sin,,,28512
market_funding_24h,mid,dow_cos,,,28512
